network_architecture
5
128
64
7
weights
-0.81173104 1.1186302 -0.5033796 -0.5504977 0.57522714
-0.9124806 0.5921962 -0.0018525118 0.28709206 0.45334783
-0.052267615 0.6776381 -0.43725598 -0.6099713 -0.47316647
1.1047893 0.08673792 0.046324454 0.057910334 0.3930673
0.37124583 -0.20376608 -0.071889326 -0.5160682 0.3844392
0.4367162 -0.377109 -0.06338548 -0.36718637 0.5076076
1.0742434 0.5263022 0.23286496 1.0673712 -0.06330774
-0.34048432 0.85722786 0.401537 0.9236903 -0.4041207
0.3688541 -0.2492549 -0.15057454 0.08988788 0.7747442
-1.0125369 0.49110284 -0.010342433 0.14194834 0.39496818
0.34685615 -0.30020317 -0.29172254 0.39110014 0.65638536
0.89847726 0.025309034 0.16368407 1.1239803 0.03416453
1.0591558 -0.4290635 0.033003975 -0.3433539 -0.4076909
-1.0352483 -0.49572068 0.09218294 0.00041890162 0.1433348
0.039757974 0.077985264 0.05451444 -0.15403388 0.696566
1.2348453 -0.05821116 0.18946017 0.22200555 0.6325003
-0.33366963 0.48826873 -0.2949553 -0.4865234 -0.4553821
0.13589007 0.2131994 0.081532545 -0.644506 0.4536118
1.0484195 -0.41818994 0.036958266 -0.45194817 -0.42426887
0.23912452 -0.23143922 -0.1373908 0.35888547 0.57381743
-0.26652056 -0.21851438 -0.28810242 -1.1798617 -0.6480029
-0.13987511 0.16852956 -0.10437688 -0.7968809 -0.18571769
-0.061478425 -0.49316445 0.047982078 -0.25274125 -5.135947
0.13566248 -0.22518823 0.000994452 0.47579694 0.5928214
0.27835062 0.24207662 0.35979748 0.0069393953 -3.0684423
0.8825673 0.30433705 0.088636905 1.116828 -0.021520028
-0.38953564 0.17430836 -0.32251418 0.059252802 -3.3298006
-0.03474558 0.5925882 -0.4476156 -0.1380614 -0.7612616
0.1875887 -0.4416066 0.12292343 0.1533422 0.5580876
-0.29690924 0.17504098 -0.35900116 -1.12757 0.18199956
-0.95772505 -0.37354806 0.012443697 -0.010957198 0.3194491
-0.34876522 -0.09763763 -0.23807344 -1.2504636 -0.812447
-0.42773175 0.62809664 0.114367925 0.5992437 0.77281654
0.3098483 0.29896 0.23141022 0.5541227 -0.51305443
-1.1655773 0.7435301 -0.110543944 0.6366026 0.17534515
0.28850836 -0.013168104 0.012902602 -0.03475146 0.63340867
0.30156782 0.32149932 0.20849785 0.6326372 -0.5126304
-0.08435691 0.39282113 0.2615151 0.9723724 -0.21895278
0.53754866 -0.54928863 -0.34678546 0.23077983 0.21869485
0.22781327 0.576239 -0.4312859 -0.5011976 -0.5402053
0.8252464 0.38875243 0.16391675 0.8764683 0.023114946
0.014393175 -0.19091634 -0.11198495 -0.88576585 0.5813648
0.037191287 -0.37186563 0.100535974 0.009297209 0.57355034
-0.14335527 0.6840974 0.054462556 0.327604 0.6543622
-0.56259996 -0.4972016 0.21975148 0.47332266 -0.02543793
-0.112127714 0.46367973 0.0584025 0.6668796 0.5456133
-0.04865278 -0.15860389 -0.16770792 -1.5642765 -0.64304024
-0.07464005 0.50389564 0.2868825 1.1825901 -0.28346708
0.08844557 -0.3787788 -0.08359269 -0.8339942 0.53068745
0.07023778 -0.5221051 0.072416745 1.7950736 -0.04098623
-0.28744414 0.81478155 -0.28566408 -1.0635101 -0.28796464
-1.1621984 -0.63794005 0.113995545 -0.07043813 -0.02633249
0.3306067 0.48686472 0.2216723 1.0732423 -0.651147
-0.35909304 0.60692036 0.08902454 0.3431808 0.6141448
0.21326536 0.2098005 0.22332801 1.240617 -0.31009406
-0.46302328 0.61995256 0.11275922 0.32355025 0.6260255
0.21040648 -0.5344946 -0.042878885 -0.4474061 0.58959067
-0.52340657 0.79850566 -0.52403563 0.43321452 -0.12464551
-0.5612622 -0.32759508 0.19986 1.3496113 -0.03576977
-1.501718 0.053399645 -0.30149454 -0.85069317 -0.10326845
-0.02426441 0.6801648 0.04237768 0.584902 0.6103874
-0.4097062 0.09845173 -0.26826862 -0.16010278 -3.524589
0.20714019 0.49389854 0.19072652 1.071543 -0.29733986
0.039767686 -0.4169497 0.3025813 0.01152522 -0.463702
0.111882694 0.28415102 0.033327993 1.5156323 0.50593126
0.32279927 0.48054785 0.17865098 1.0403184 -0.5334011
0.35119885 -0.25049552 -0.091359146 -0.77691966 0.6696758
0.43477345 0.540232 0.16137479 -0.14804342 0.51881564
0.2417062 -0.2089928 0.015240352 0.26569027 0.645738
-0.3764304 -0.054273617 -0.2417101 -1.0720209 -0.70305437
-1.1912658 0.04159691 -0.07115743 -0.19786331 0.4450363
-0.70918006 0.71419495 -0.08809579 0.61958224 0.44827092
0.8127357 0.45856068 0.14008687 1.1023788 0.012294721
0.2664096 -0.41516513 0.069344595 0.41268554 0.6076306
-0.35531762 0.16793077 0.070991844 -0.22366458 0.30198792
-1.9891673 0.103460506 -0.16744505 -0.34100682 -0.18455046
-0.22015372 0.5550469 -0.4241478 -0.3160268 -0.6855118
-0.35775486 0.08805708 0.35621867 1.0851556 0.014386898
0.3375107 -0.24262317 0.21421863 1.2884024 -0.13969103
0.31787303 -0.14025606 -0.093405396 -0.5437549 0.61671346
1.258679 -0.6939575 0.087235615 -0.47725955 0.3427172
0.017679112 0.12887447 0.29026276 1.0263528 -0.22661567
0.5355295 -0.287006 -0.02167354 1.889198 0.096948594
-0.07759941 -0.049583238 -0.2957557 -1.2281241 -0.45582092
-0.38071296 -0.25403053 -0.23081128 -1.2533704 -0.78108346
1.2995481 -0.08990591 0.086924225 0.17437606 -0.1398256
-0.6057514 0.5627213 0.024042051 0.40709296 0.44132662
-0.09883651 0.64451665 0.060694154 0.71926814 0.59426165
-0.44660854 0.83190405 0.28419507 -0.3033594 0.13168542
0.068094015 -0.12532462 0.21415496 1.1414459 0.068581775
-0.40367123 -0.1555536 -0.26621902 -0.93422073 -0.55860823
-0.8711226 -0.04104257 -0.36933267 -0.6708541 -0.7116476
-1.2142546 0.48813683 -0.036771975 0.3257512 0.05306069
-0.6171927 -0.2946042 -0.40698957 -0.96757275 -0.0043153884
-0.30263278 -0.13202134 0.15754795 0.082760915 0.5207235
-0.084546365 0.55480987 -0.42020774 -0.21384381 -0.63134766
0.83007234 -0.0727005 0.07852799 0.28208947 0.022795768
0.49955532 -0.60843134 0.14332151 1.1986963 0.16936968
1.4599453 -0.6233208 0.06305913 -0.2643076 0.22956638
-0.37176126 -0.24454814 -0.25195622 -1.2881402 -0.97719157
-0.38100356 0.48236716 -0.3591249 -0.049976636 -0.45745757
-0.40495747 0.23324288 -0.23503174 -1.3455974 -0.4762393
-0.38225782 0.41859496 0.17949204 -0.090899944 0.41971412
0.68047184 0.58855295 0.5414368 0.6327265 -0.030684726
0.28055322 0.13169892 -0.0144778015 -1.8861647 0.22387013
0.106413044 0.43946087 -0.73141885 0.91428405 0.3197855
0.38400137 0.3944065 0.35496852 0.3736381 -2.7191744
0.26876166 -0.59451497 0.29086173 -0.1318678 -3.7530208
0.24000216 -0.3161603 0.015125347 0.41012523 0.7598186
-1.1262844 0.5412865 -0.06542243 0.4829509 0.2463513
0.04737464 -0.37846577 0.13260356 0.10335715 0.46430403
0.10699029 -0.3366633 -0.06712145 -0.40953547 0.4413382
0.34265044 -0.2673146 -0.06859685 -0.3236521 0.5144046
0.91145885 -0.014259495 0.013625956 -0.7110444 -0.36025196
0.11301337 -0.5001916 0.20082387 0.105621085 -0.7573476
0.28225145 0.0106413085 0.22072248 1.6202648 -0.38209346
1.2546185 0.34026375 0.07727753 0.34883875 -0.057186373
0.22504593 0.12525593 0.16292499 1.462359 -0.2970535
0.078143984 -0.23690264 -0.10828506 -0.5525844 0.61959076
-0.35508454 0.3355144 -0.32651114 0.05278059 -2.34369
-0.47794133 -0.4316228 -0.03662559 0.056146692 -3.2881382
-0.63720953 -0.5789099 -0.20097668 -0.22158471 0.47905862
-0.8140867 -0.58855516 0.10336378 -0.14096732 -0.0062005855
-0.9160927 0.6154285 -0.063188426 0.44139493 0.36671305
-0.3439962 0.21208446 -0.17832716 -1.3762499 -0.12645175
0.07331386 0.0543032 0.07872653 1.2833244 0.55549914
1.0259534 -0.400348 0.0071328636 -0.6366581 0.45026708
0.3773514 0.20125368 0.3094819 0.5042623 -0.34466034
0.5864079 0.32848015 0.02130426 -0.2782555 -0.06340502 -0.046883352 0.29365245 0.121870585 0.04469189 0.25951436 -0.024220087 0.15607628 -0.33098963 -0.45567504 0.21853612 -0.3361625 -0.23882405 0.06934255 -0.48381117 0.0058423695 0.038729515 0.3813988 1.7950916 0.34795088 0.45026663 0.07939555 0.23834425 0.009556016 -0.07570397 0.53245836 -0.21684173 -0.1849761 0.037920874 0.16405508 -0.62931186 0.17802666 0.12174791 0.24043971 0.11436191 -0.026909726 0.029032033 -0.020494228 -0.09391102 -0.2108827 0.27890462 -0.17029275 -0.271027 0.098477535 -0.08475891 0.14967671 0.04801938 -0.9598026 0.3887477 -0.024824146 0.26201215 0.03495526 -0.32868505 0.6253311 0.032239348 0.294342 -0.122385696 0.4686695 0.38001534 0.25194213 -0.114597216 0.24592702 -0.20290582 -0.14190847 0.035136286 -0.12721077 0.30245683 -0.1962108 0.16771789 -0.024010185 0.041471872 0.19992653 -0.08254383 0.22116928 0.35576713 -0.14934365 -0.7620572 0.34522673 -0.10752177 -0.045955684 -0.093243726 0.29611456 -0.06457371 -0.31034014 -0.23825666 0.40294853 -0.20704813 -0.033116892 -0.29518226 0.4223831 -0.058743235 -0.07800667 0.28008142 -0.04953831 -0.79727906 -0.29337212 -0.012986891 -0.06230225 0.0745769 -0.103930384 0.023564566 0.534575 0.27033713 0.7943731 0.1220011 -0.52399296 -0.097116366 0.07875379 -0.021788066 -0.06891031 0.24590968 0.15850107 0.301074 0.27195108 0.17785922 -0.09127638 0.73446834 0.17920315 -0.4892952 -0.17660855 -0.07034492 -0.16161706 -0.4452315 0.23813066
-0.09579014 0.5135393 -0.9529328 0.38113454 0.05216895 0.4493078 -0.08496271 0.3489111 0.24789329 0.63466066 0.26908898 -0.2038135 0.7611026 0.51256174 0.17912717 0.43210238 -0.67970157 0.09785785 0.6840257 0.046922278 -0.124410026 0.18436916 -1.8860807 0.3227152 -0.98502266 -0.08524518 -0.85962147 -1.079233 0.33414695 0.1989757 0.7216398 -0.291415 0.3441187 -0.5210929 0.8195315 0.1535848 -0.62437576 -0.25101534 -0.017427783 -1.027223 -0.15450366 0.04905627 0.11342242 0.23631404 -0.31549463 0.11991632 -0.34049135 -0.4726757 0.12348861 -0.10336169 -0.97468776 0.8946029 -0.25245187 0.17946777 -0.37909338 0.34536004 0.51945907 -0.040454973 -0.14915836 -0.09144911 0.14971879 -1.2537155 -0.39860898 -0.6284245 0.1395921 -0.58921975 0.29140046 0.15373905 0.31223747 -0.31571355 0.5672553 0.8655876 -0.3170519 0.44864827 0.20415996 -0.35025895 -0.67901736 -0.00040840628 -0.47672254 0.4550947 0.6829935 -0.2247292 -0.0067840074 -0.46522427 -0.13742498 -0.2884967 0.30566716 0.1848669 0.20589335 -0.5780976 -0.16086355 0.142794 0.7353264 0.12491501 0.2920344 -0.78993696 0.0077484855 -0.06287295 0.6460521 -0.19120431 -0.55477345 -0.3742324 0.41589192 -0.17174816 -0.03839456 0.042354293 -0.7384136 -1.3270236 0.30712917 0.8693618 0.17495647 0.33290142 0.2090976 0.18548445 -0.75989854 -0.3516856 -0.07796015 -0.3497669 0.082624935 -0.8947058 -0.98826075 0.4292788 0.70697486 0.9388169 -0.1210968 0.12676923 0.23255315 -0.6263185
0.1423912 0.5003293 -0.8090124 0.616102 0.31198028 0.09640096 -0.058127344 0.13218445 0.3598612 0.853482 0.29046568 0.06281341 0.6992665 0.59504795 0.20090982 0.37175736 -0.9207529 -0.059892803 0.59809774 0.14395331 -0.3684171 -0.025150917 -2.0980785 0.3306429 -1.3214024 0.07176646 -0.8471366 -0.7372043 0.11222079 0.023482757 0.51039416 -0.8434198 0.31570992 -0.91967666 0.9694128 0.29676315 -0.9492925 -0.9576218 0.31221303 -1.0788205 0.10483313 0.20447867 0.3299043 0.26647997 -0.6572909 0.29786685 -0.53929275 -1.0850945 0.1545824 -0.47739124 -1.609311 0.5579972 -0.88208455 0.36200687 -1.1297283 0.39123377 0.07779832 0.30105558 -0.9892841 -0.348396 0.36621347 -0.8869778 -0.9143167 -0.46584645 0.39601034 -0.9755317 0.0090113785 0.12615633 0.35997015 -0.8319822 0.9463688 1.1170261 -0.40886208 0.29393843 0.043072365 -0.13349584 -0.77410024 -0.20692883 -1.1685567 0.1955204 0.6861281 -0.64988256 -0.08404588 -0.86707234 -0.5453925 -0.48297158 0.34318432 0.15570614 0.12033219 -1.3490931 -0.37441584 -0.05256439 0.950408 -0.17927903 0.29025427 -0.57027197 -0.28682023 -0.12692678 0.80603135 -0.77965087 -0.41384354 -0.60054934 0.18226707 -0.11116169 -0.06001198 0.20855813 -1.0654486 -1.1527293 0.40508926 0.8479509 0.24198651 0.36615154 0.26626408 0.45737225 -0.87415946 -1.4451905 -0.28634655 -1.2967385 0.24179935 -0.7705083 -0.85358685 0.7546582 0.3168834 0.99798733 -0.9424967 0.30892524 0.40169516 -0.71884066
0.2329434 0.4764584 -0.9419362 0.4553419 0.09142628 0.4870461 -0.24815783 -0.09148361 0.32651472 0.61750376 0.39111143 -0.13033462 0.6241778 0.8573628 0.21834691 0.41038483 -0.88888353 0.13068691 0.5327355 0.27499527 -0.1294793 0.1804198 -2.207876 0.52403706 -1.326227 -0.08644764 -1.0114866 -1.0312552 0.38673207 0.03838883 0.8247806 -0.96360886 0.39121202 -0.6465124 0.88229895 0.14314702 -0.6929709 -0.58102775 0.32656834 -1.1037133 -0.28209636 0.12285241 0.1650942 0.44140255 -0.39594027 0.34548816 -0.42737952 -0.5904665 0.23604737 -0.17940201 -1.4625515 0.8325913 -0.6880933 0.32325783 -0.61464876 0.43569297 0.49852452 0.15986286 -0.07474873 -0.3895652 0.2641611 -1.1523933 -0.5257385 -0.7069147 0.14215681 -0.48552638 0.16674018 0.16301858 0.2379438 -0.5621863 0.68372875 0.93882155 -0.38572055 0.44712517 0.3311793 -0.4785545 -1.0435312 -0.20443873 -0.37838987 0.22579916 0.53462845 -0.6624725 -0.08204489 -0.5356262 -0.77516896 -0.62799203 0.4133974 0.20476241 -0.05162027 -0.49671495 -0.63404226 -0.27724183 0.8937147 0.04263476 0.1370901 -0.6547314 -0.3972373 -0.0059045525 0.7783063 -0.7104917 -0.47257486 -0.887361 0.16655199 -0.09046688 0.13957778 0.22357796 -0.99579763 -1.6497753 0.42250195 0.6924009 0.21474262 0.28733715 0.27555674 0.19463995 -0.57705873 -0.28875864 -0.5621894 -0.15413119 0.3522612 -0.91228133 -1.4075569 0.45910096 0.7281834 0.7367796 -0.854041 0.11739323 0.55348873 -0.57710344
0.11045549 0.24383764 -0.54611987 0.29161215 0.1262311 0.09905739 0.1999731 0.18339941 0.09340694 0.41223738 0.33265054 -0.15462923 0.6143138 0.40474403 0.2136051 0.42781404 -0.74066424 -0.12398696 0.25049132 0.13272402 -0.3422562 -0.049184557 -1.8363526 0.31456757 -0.96146566 -0.14552373 -1.0226771 -0.082790956 0.11154055 0.01430549 0.2618876 -1.942831 0.18203206 -0.5077075 0.67198807 0.25253105 -0.42476168 -0.65969634 0.3054809 -0.6649612 0.08848142 0.23816831 0.06516752 0.13863637 -0.5230939 0.3051704 -1.5046716 -0.6377922 0.041201465 -0.5976923 -2.2734752 0.37583616 -0.85851735 0.1303661 -0.6968207 0.13414457 0.08115047 0.62297744 -1.1230532 -0.19571446 0.3160446 -0.9582666 -0.806213 0.057986572 0.29200578 -0.8785951 0.053119417 0.09030547 0.35068154 -0.995562 0.6288335 0.91542166 -0.11605881 0.2765412 0.15762267 -0.089678176 -0.43905845 0.01971497 -0.9572745 0.3215839 0.6119055 -0.69937754 -0.1547494 -1.242245 -1.2805824 -0.24761684 0.23024246 0.1861233 -0.0074881855 -1.3379794 -0.5347543 0.10294466 0.57165307 -0.096607596 0.17661317 -0.10656385 0.0004769125 0.19596398 0.31755078 -1.2738808 -0.0242398 -1.3519834 0.037049007 0.24388559 -0.22384822 0.55944914 -1.2139093 -1.1193146 0.276733 0.5913317 0.09162974 0.3733794 0.10957979 0.36606476 -0.40602913 -1.2649704 -0.19793262 -0.9651458 0.35953617 -0.99781436 -0.9890984 0.47805953 0.24676472 0.86496335 -1.8772749 0.114702076 0.22709063 -0.49684572
-0.21177147 0.17457701 -0.8227014 0.0046861777 -0.19453162 -0.012624868 0.25947422 -0.77797 -0.52475387 0.3595389 -0.84447724 0.32925788 0.2076787 0.10264583 -0.4617839 0.20258184 -0.28387344 -0.35308322 0.37613666 -0.81713986 -0.12578316 -0.0188148 2.322196 0.016538747 1.014928 0.1112315 0.8481549 -0.46084043 -0.2135102 0.07773781 0.39107513 -0.17422448 -0.41375524 0.07344034 0.2637121 -0.2184191 -0.05339514 -0.38874274 -0.6616732 -0.7006985 0.2849575 -0.2795693 -0.09928068 -0.4673238 -0.27847996 -0.4162681 -0.5063347 -0.5331942 -0.1711257 -0.020914385 -0.39578643 0.31512758 -0.05542672 -0.5479736 -0.2079221 -0.39313298 -0.3263592 -0.11405242 -0.42697814 0.21603954 -0.37992325 0.9670451 -0.22229907 -0.33488888 -0.010050611 0.002804463 -0.24109879 -0.17557557 -0.18445715 -0.0026462444 0.06549707 0.23568596 0.26042143 0.00615942 -0.29549 0.2960237 -0.5276227 -0.6133277 -0.084019326 -0.5126384 0.0054283123 -0.6100148 0.11440258 -0.83397585 0.05675928 0.24926311 0.05137271 -0.36435166 -0.6791749 -0.31529844 0.20281959 0.2252078 0.074060656 0.193855 -0.43483967 -0.30586216 0.2733854 0.026165172 0.2976686 0.05034594 0.061802007 -0.10972575 -0.29851255 0.14285184 -0.08668704 -0.659891 0.94865716 1.3364476 0.05747495 0.2683655 -0.07529189 -0.33034214 -0.373334 -0.03311038 -0.09145872 -0.24395841 0.34054223 -0.13129562 -0.21802934 0.49597365 1.3433669 0.3292552 0.16864437 0.24861452 -0.6824944 -0.1651683 -0.013580942 -0.21231984
-0.58414733 0.86500245 -0.28181598 0.27536464 -0.08171659 -0.26914635 0.063617975 0.029564474 -0.16488808 0.6130877 -0.14295903 0.07127341 0.20232604 -0.77624476 -0.12641901 0.035116214 -0.20839116 -0.06595367 0.023430692 -0.07609299 -0.23227446 0.1777586 1.7672104 0.18241385 0.53356457 0.30107373 -0.79594356 -0.4746894 0.2291809 -0.23765461 -0.88977456 -0.24693827 -0.07550877 0.026257226 0.115496404 0.2438482 -0.026651647 -0.08572933 -0.024261946 -0.34588107 0.20130259 -0.83042115 0.09609485 -0.06833285 0.22342826 -0.042663973 -0.011031834 0.07707447 -0.73992676 0.26259443 0.16886692 -1.4557732 0.115300365 0.14598815 0.10885751 -0.15252261 -0.32423073 0.06828593 0.37642667 -0.14877899 -0.08013205 -0.79921484 -0.16086264 -0.15989543 0.28570688 -0.10931209 -0.5781851 0.017776543 0.24413745 -0.29772636 -0.6458458 0.61357474 0.009739959 0.34482074 -0.1032691 -0.2576437 0.0042652953 -0.026547275 0.32106733 -0.40100148 0.15054299 -0.101628274 -0.040023867 -0.31109065 -0.1866404 0.16631797 0.5175287 0.0624485 -0.01901839 0.15638614 -0.43820253 -0.3819037 -0.13038921 -0.6462263 0.008566618 -0.21490405 0.08690097 0.04093438 0.17786494 -0.16695355 -0.38231236 -0.022512207 0.02152043 0.025447594 -0.34624222 -1.6018958 0.4553029 1.112156 0.27887085 0.20285636 -0.09956191 -0.24363498 0.079209305 0.13920283 -0.120084494 -0.04496195 0.26104012 0.11951842 -0.69969106 -0.621288 -0.82251275 0.2570921 -0.80032814 0.35504127 0.27391645 -0.00658507 -0.24035427 0.011410312
-0.18708749 -0.44015107 -0.046450622 0.37932315 0.28107527 0.018862369 -0.04759797 0.2972144 0.048678562 -0.37123355 0.2360789 -0.17901918 0.569415 0.17823163 -0.11882541 0.28532583 -0.027980002 0.25842744 0.45420283 0.088844545 0.59252185 -0.180957 -1.2476732 0.031749777 -0.08521047 -0.0237222 0.76903504 0.034219455 0.119430654 -0.042028345 0.2405689 0.53191924 -0.049078595 -0.019927388 -0.45793164 0.14704241 0.1355257 -0.0151049765 0.32345474 0.20466954 0.1149524 0.032637443 0.118676074 0.16641799 0.03141697 -0.0214319 0.884667 -0.15398715 0.19294043 0.087595366 0.19439274 0.9660427 -0.0418653 0.066514395 -0.042954635 0.00425615 0.2529394 -0.4579002 -0.41701466 -0.6243316 -0.09462176 0.4946809 0.108655654 0.22165368 -0.14569932 -0.07097417 0.060260657 -0.012688089 -0.011957419 0.35692048 -0.16470228 -0.28682077 -0.31490818 -0.12053321 0.006766703 -1.2047285 0.19742034 0.23952405 -0.21587262 0.22768748 0.5747273 0.10541609 0.21458958 0.5300535 0.44913277 -0.2074277 -0.28652096 -0.01597634 0.20292006 -0.34631276 0.18136851 0.068551585 -0.48538366 0.20350038 -0.1514769 0.12803711 0.040496077 0.17206913 0.40298837 0.47144145 -0.04256625 0.35808122 -0.01832754 0.08356515 0.37583128 -0.20210886 -0.177032 -0.71714175 0.07798602 -0.30919215 -0.1947131 0.066929996 0.11550814 0.34562194 0.18868081 -0.108836055 -0.11758451 -0.07183979 -0.023324495 0.67669237 0.100605324 0.06940958 0.9453506 -0.100944325 0.2981883 0.03396902 0.405306 0.068399236
0.027806407 0.31846192 -0.7802549 0.6857419 0.1612877 0.5257927 -0.10728396 0.34036502 0.28246406 0.45655861 0.34284312 -0.2812209 0.853958 0.63085157 0.46345708 0.48778012 -0.6520135 0.27886698 0.7998469 0.33960852 0.058064837 0.041782998 -2.3238306 0.42670456 -1.2937763 -0.2667147 -1.3222541 -1.0555385 0.46219832 -0.056670077 0.7342134 -0.53735507 0.37170097 -0.62612647 0.67558736 0.29872048 -0.79024774 -0.75962514 0.35406074 -0.69061583 -0.20570529 0.36051124 0.41146633 0.5943379 -0.65887654 0.20573749 -0.1909157 -0.87550503 0.2931285 -0.2613482 -1.062541 0.8995391 -0.6730969 0.3449705 -0.96317196 0.2133965 0.52661556 -0.106141485 -0.6274911 -0.2927964 0.5646687 -1.433993 -0.5991233 -0.39912367 0.2075461 -1.0124836 0.19072086 0.058240365 0.5403264 -0.23562479 0.4020722 0.6778838 -0.579139 0.59673226 0.23566717 -0.5758749 -0.7173496 -0.07172062 -0.8451954 0.49316767 1.0655903 -0.90583116 -0.093909144 -0.18334563 -0.22359002 -0.2740553 0.07435744 0.3968508 -0.098282985 -1.175275 -0.42151853 -0.20575024 0.591839 0.089385785 0.50401795 -0.82730556 -0.26965418 -0.09239154 0.77668023 -0.40689185 -0.5654893 -0.5350837 0.28445396 0.019042447 0.30703008 0.05805315 -1.2141217 -1.3957158 0.3228467 0.5911381 0.4712051 0.32515657 0.52213186 0.6435129 -0.8645645 -0.92179656 -0.48857224 -0.6011466 0.38557988 -1.168098 -1.2885922 0.63312006 0.66289234 0.7464073 -0.34232894 0.15007678 0.6893596 -0.5602178
0.025893822 -0.017624047 0.0001723479 -0.16895388 0.11915325 -0.03729657 -0.013125097 0.0027164915 -0.18913086 0.03579099 0.13014612 0.09157217 -0.017232148 0.04478807 0.00807469 -0.028772505 0.058287483 0.024127608 0.015238027 -0.121628724 -0.04095467 0.08983711 0.11089728 -0.12419322 0.01862006 -0.1252584 0.030366126 0.050478302 -0.12929548 0.11034923 0.11663529 0.1181787 0.036503874 0.047760412 -0.011387012 -0.12740335 0.02527436 -0.08944123 0.035288904 -0.098280095 -0.10444084 -0.18231772 -0.06667171 0.07467274 0.047996134 -0.027636921 0.09470786 0.115414426 -0.12768787 -0.13847087 0.12693845 -0.16900678 -0.14556116 -0.16053511 -0.120901264 -0.13746521 -0.038538095 -0.091455504 0.12978676 -0.17049865 -0.16203117 -0.16900395 -0.16981377 0.021824121 -0.13228229 -0.04767508 -0.13353312 -0.07330706 -0.097474106 0.09783255 -0.089756034 -0.09836906 0.09063924 0.14648125 0.12095872 -0.041913975 0.023271484 -0.098495156 -0.027128205 -0.021384807 -0.13592125 -0.038966455 0.0662336 0.034935366 0.15564975 -0.09684844 -0.08245358 -0.18404524 0.06602446 -0.09425841 -0.17783311 0.00023311337 -0.074873835 -0.1233252 0.08537761 -0.112845846 0.049583532 0.11905082 0.068554565 -0.07894026 0.1187974 -0.1369241 0.121851504 -0.058642484 -0.12143575 -0.006689214 0.12709405 -0.08916524 0.114004605 0.03454961 -0.15199383 -0.16115607 0.12592265 0.12157928 0.0723477 0.1646928 -0.14454922 -0.10237381 -0.10387268 -0.113264814 -0.04912986 0.054466113 0.013612649 0.0963941 -0.075262874 0.14000541 -0.011194451 0.092018664
0.16824433 0.4417482 -0.5188998 0.7677246 0.13350047 0.40531328 -0.269321 0.14638332 0.3248678 0.49367526 0.29204872 -0.47356763 1.0101776 0.6596876 0.38266566 0.51862484 -0.6036355 0.14555445 0.87458235 0.09445717 -0.26417887 -0.12616059 -2.4516325 0.56168306 -1.2075616 -0.1731226 -1.282856 -0.9802711 0.4567101 -0.10358933 0.6571089 -0.49622798 0.1341303 -0.6695671 0.82030165 0.5157241 -0.6516242 -0.65864533 0.366564 -0.5659169 -0.32288098 0.2902582 0.4669357 0.37056348 -0.7675845 0.40987495 -0.1775908 -0.87062275 0.25904274 -0.51664 -0.8254472 0.94871455 -0.60633844 0.34198055 -0.95932543 0.5457308 0.50137573 -0.06156182 -0.8393593 -0.4007228 0.5154481 -1.2518793 -0.7788444 -0.3926136 0.48043868 -0.6802654 0.3451493 0.25413203 0.53534925 -0.31755224 0.7551647 1.0455319 -0.6107222 0.6204438 0.20353833 -0.66116476 -0.71450853 -0.08000953 -1.0833131 0.40674728 0.9807285 -0.8437608 0.08358903 -0.16268419 -0.10133585 -0.4811155 0.31935862 0.45477065 0.07185043 -1.070174 -0.04856875 -0.21105556 0.932535 -0.11480137 0.3413546 -0.5803231 -0.21562083 0.0155449575 1.1417166 -0.16958168 -0.41997463 -0.36826617 0.22032098 -0.024665225 0.18138759 0.011558502 -1.256243 -1.5078398 0.44867346 0.73026747 0.2795095 0.059062034 0.396807 0.47490498 -0.7067002 -1.0725504 -0.18201405 -0.9242292 0.10356598 -1.0243483 -0.9589847 0.46413484 0.44704378 1.0820531 -0.551074 0.42388058 0.6744117 -0.37412834
0.40524065 0.46892396 0.074389845 -1.2107532 0.027574172 -0.048776045 -1.3860186 -0.7250335 -0.13308284 0.51127887 0.014440337 -1.6389337 -2.4941657 0.13381475 0.17232047 -1.5414912 0.13054045 0.27980274 -1.9020131 -0.004573985 0.04131186 -0.24742106 1.2141198 -0.06500301 -0.13928828 -1.0580423 0.021273721 0.14126751 0.00015412083 0.20526335 0.5959099 -0.037459664 0.0071567823 -0.55073565 0.28301293 0.07229152 -0.82126105 -1.0040685 0.059012458 0.15268785 -1.126944 0.031129707 0.088544086 0.22088106 0.3893229 -0.15862119 -0.04686925 -0.79731065 0.15850428 0.91729087 0.0095192045 -0.7016881 -0.6100576 0.21048109 -0.6257567 0.1565373 0.22257955 0.16948251 0.76134795 0.084259756 0.015084199 0.31665304 -1.0028263 -0.7686142 -0.14818868 -0.57341987 -0.15032439 -0.1683756 -0.09882414 0.22524828 0.66378087 0.5620415 -1.7975746 -0.038932476 0.2946712 0.30518967 0.1427845 0.8355445 -1.0322064 0.13433035 -2.6656842 -0.78433305 -0.13191347 0.16150802 0.13466829 -3.62788 0.04850748 -0.04605856 -0.8787096 -1.1204419 0.116428584 -0.096839026 -0.13378392 0.08056692 0.3574183 0.115885444 -3.9096668 -0.31341383 -2.854213 -0.051644683 0.09251775 0.25086418 0.33254173 -1.1747725 -0.26658052 0.37884793 -0.26640174 0.07195953 -0.05751568 0.3702768 0.084376514 -0.02362209 -0.14331691 -1.4754798 -0.37371233 -0.78890216 -3.2919216 -0.8265421 0.11367907 -0.20075333 0.83241385 0.4590407 -0.37740904 0.53521025 0.21233937 -0.14189862 -0.834695 -0.71394557
0.08771448 0.35947773 -0.76443946 0.6376713 0.19857396 0.065629445 -0.033025112 0.11998953 0.28074446 0.5215692 0.33471292 -0.18767948 0.5924779 0.6188972 0.49204823 0.44025338 -0.60934067 0.40730804 0.5295186 0.0075737317 -0.3936708 -0.01484458 -2.0085936 0.23603375 -1.1235081 -0.1435166 -0.9095904 -0.47616354 0.33523023 0.09675659 0.40842915 -0.48555562 0.34423766 -0.31965762 0.95599216 0.385225 -0.5828926 -0.82541704 0.11444731 -0.66263825 -0.15514924 0.23502207 0.18963797 0.37814733 -0.6713954 0.37385678 -0.30672967 -0.60355353 0.07713686 -0.55838877 -0.9078451 0.51461744 -0.69654626 0.18280484 -0.54806125 0.17775778 0.45291713 0.08732135 -0.69511247 -0.44405842 0.29584825 -1.1447552 -0.41327238 -0.4477358 0.35266164 -0.63779414 0.12514612 0.2723225 0.16965687 -0.09525993 0.39170027 0.69836867 -0.4261825 0.5120583 0.053094342 -0.407233 -0.39534855 -0.30624983 -0.7197424 0.26474378 0.77842206 -0.7498166 -0.08433735 -0.23902147 -0.27921468 0.09996022 0.025770199 0.3637198 0.17888331 -1.0919468 -0.041665524 0.017295837 0.53117913 -0.32468718 0.3828106 -0.71512437 -0.17481723 0.26908997 0.7348881 -0.284406 -0.28697133 -0.23186113 0.28273878 0.2405127 0.07375758 -0.0050315303 -1.1285889 -1.4488674 0.3423235 0.8597277 0.39424255 0.24079336 0.30038714 0.488997 -0.6909503 -0.87947404 -0.11009214 -0.5611591 0.14572594 -0.7526032 -0.96201706 0.30142027 0.33072966 0.8671078 -0.57706636 0.51105547 0.17964654 -0.40769234
0.122965775 0.4446596 -0.26779142 0.1535337 -0.19505833 -0.076207675 0.2405656 0.16626173 -0.6403656 0.41931754 -0.40456852 0.2977039 0.3142204 -0.61333454 0.038963128 0.2620674 -0.26015696 0.12720081 0.0011495728 -0.52848285 -0.3356146 0.29212573 2.0897155 -0.11013798 0.6702068 0.08158719 -0.7157737 -0.3150882 0.13138941 -0.66339195 -0.8228239 -0.6181732 -0.07622119 0.080579594 -0.3099682 0.04898173 0.22711365 -0.104240686 -0.24570125 -0.36925805 0.34018707 -0.8438997 0.16265401 -0.31721145 -5.532364e-05 -0.03972851 0.25494176 0.07641928 -0.96308786 0.016323298 0.30575705 -1.1898211 0.16306803 -0.21031748 0.067195855 0.09175528 -1.1420995 -0.22588308 -0.030027721 0.04598442 -0.073123835 -0.31743404 0.03784334 0.20361207 0.078017704 0.17584337 -0.9191145 0.20756145 0.1506401 -0.05563456 -0.6049762 0.22353792 0.086859584 0.11789086 0.05633176 -0.16505153 -0.1302055 -0.070622474 0.097439066 -0.5561367 0.19420978 0.09160892 -0.06921174 -0.21932507 -0.18023914 0.3873034 0.30631116 -0.0011073102 0.19269836 0.15206437 -0.16184488 -0.4464724 -0.024402037 -0.5353407 2.5754696e-05 -0.42329866 0.30360103 0.061973277 0.4555214 0.028030965 -0.3199825 -0.17799377 0.101596184 0.020173661 -0.11209283 -1.3481863 0.42825755 1.2680846 0.10868859 0.07486933 0.15138571 -0.7709396 -0.4646953 -0.12648878 0.21342002 -0.0029349825 0.17763689 0.013333304 -0.852434 -0.3236977 -0.6036997 -0.022852778 -0.1758754 0.2922769 -0.062172223 0.0096285045 -0.22871883 0.08680238
-0.51500297 0.65338224 -0.31303507 0.30597135 -0.5583652 -0.2319621 0.1079176 0.011094567 -0.038932335 0.66073984 -0.49491972 0.19925359 0.219768 -0.945029 -0.10502145 0.31989902 -0.159465 0.012052382 -0.003496126 -0.42099828 -0.21936297 0.5638265 2.2297943 0.16096206 0.962379 0.28744212 -0.5058673 -0.3135743 0.09794152 0.046515387 -0.9035352 -0.21813105 0.10784922 -0.11732803 -0.20246522 0.2405157 0.16171683 -0.18807031 -0.1024445 -0.19454135 0.27917963 -0.86738116 -0.01067103 -0.14375593 0.066004224 0.08836368 -0.16912995 -0.056729965 -1.0976826 0.1444881 0.10864434 -1.7143607 0.044657636 0.09212836 -0.046523444 -0.08424449 -0.47205654 0.2250839 0.3655103 -0.08684067 0.007989746 -0.60950226 0.12005284 -0.033532526 0.15462436 0.020413425 -0.85746855 0.119073145 0.25085407 -0.39500302 -0.82086325 0.48570475 0.16082011 0.33376467 -0.046770453 -0.107104644 -0.28504103 0.023549458 0.24152397 -0.6107598 0.06520748 0.09292674 0.24667448 -0.24112447 -0.17659162 0.17905474 0.5211791 -0.0885542 0.057820905 0.36200404 0.04386239 -0.08094376 -0.30909392 -0.07227856 -0.04604117 -0.10024088 0.28403598 0.006129182 0.30249625 -0.2836535 0.028621577 0.25469968 -0.13458733 0.16914514 -0.6966771 -1.508063 0.34418017 1.6657375 0.10849522 -0.032491565 0.07940872 -0.5910855 -0.30740005 -0.19712795 -0.12002604 0.044259213 0.33801025 -0.01840433 -0.7358274 -0.29339775 -0.5298201 0.3870486 -0.61898774 0.05857173 0.35666883 0.22833942 0.05102968 0.2084833
0.1939998 0.22068314 -1.0024111 0.6931156 0.039018407 0.18562569 -0.11289021 0.07860429 0.5171914 0.43219292 0.4409377 -0.33333987 0.48682794 0.57896 0.4004766 0.67933273 -0.83053416 0.16698232 0.4689526 0.34912288 -0.5333019 -0.14581923 -2.0660384 0.2547001 -1.2933123 -0.11025515 -1.026076 -0.44312078 0.38270777 -0.035417378 0.4286119 -1.1301693 0.39999658 -0.36521927 0.90748525 0.40693954 -0.58130014 -0.8377928 0.24445346 -0.7264046 0.06566027 0.26221758 0.23612802 0.41403082 -1.0345806 0.308184 -0.87852633 -0.9401504 0.3159172 -0.7245035 -1.3796407 0.46856216 -0.68133384 0.1665435 -0.78254324 0.371248 0.23634669 0.13322382 -1.1152065 -0.412251 0.41560617 -1.0684171 -0.7215523 -0.45734546 0.46768644 -0.888483 0.16029361 0.37880984 0.44473615 -0.9735242 0.8014727 0.815452 -0.42363846 0.5215373 0.037114333 -0.49521828 -0.57521904 -0.16427343 -1.2313188 0.42988595 0.83902895 -0.8148727 -0.025729444 -1.0153146 -0.96059734 -0.061543573 0.29724133 0.3467246 0.26978293 -1.6256789 -0.5867265 -0.24624214 0.89399827 -0.35958087 0.1276083 -0.6154803 -0.049349528 0.0104800435 0.83597326 -0.94574237 -0.08709631 -1.1249447 0.22534907 -0.06527066 -0.14958237 0.12467307 -0.97155416 -1.4553571 0.45560274 0.8949096 0.44278482 -0.024201138 0.20795934 0.47412324 -0.58081466 -1.1867056 -0.2091031 -1.1237644 0.35130244 -0.92188954 -1.0124581 0.47553197 0.029527364 0.8426479 -1.2597787 0.32751456 0.30474347 -0.43728653
-0.117477186 -0.07145108 -0.055968918 -0.11645755 0.011405148 -0.060393456 -0.13917279 0.07173745 0.0020256767 0.017806005 0.13551088 -0.04166684 0.07578324 -0.1317413 -0.1282892 0.037421707 -0.1001853 0.034101434 -0.20429163 -0.10378033 0.13696134 -0.048731197 0.08037013 0.11987568 -0.034762703 -0.052537967 -0.04408542 -0.09901316 -0.047076795 0.044640455 0.110307366 0.085095905 0.16346025 -0.099760875 -0.13245022 -0.2076369 0.09364697 0.067820616 -0.081467174 0.1392647 -0.13832554 -0.076394916 -0.046971094 0.056272 0.10515268 -0.11118122 0.137419 0.15771703 0.0017907287 -0.12777635 0.051384103 -0.005316689 -0.074826606 0.1595995 -0.15284446 -0.073324285 -0.11148399 -0.067674935 0.120168716 -0.05204482 0.014247227 -0.16794704 -0.12152685 0.068789385 -0.06470232 0.052246142 -0.17541601 -0.11115685 0.04604052 0.085357755 -0.031309795 -0.1704946 -0.10469006 -0.10039593 0.040077787 -0.18571499 -0.12125549 -0.18621416 -0.13586926 0.089100726 -0.07589804 -0.0522573 -0.005290257 -0.07398899 -0.09972696 -0.0040961406 -0.09922959 0.10150717 -0.017609302 0.07041826 -0.020296346 0.0832471 0.07533236 -0.12843695 -0.08384395 0.03308387 -0.044428363 -0.16420881 0.11030695 0.07926545 -0.12877227 0.0014911235 0.08592032 -0.11600745 -0.06876015 -0.15335585 -0.1549692 0.107525915 0.02441976 -0.1254842 -0.055418096 -0.12145641 -0.07125857 -0.07649242 0.013830996 0.01963062 -0.13084517 0.07780275 -0.034563195 -0.11043726 -0.14480332 -0.046191584 0.01928687 -0.17391466 -0.08633944 -0.13856557 -0.20406437 0.08593126
-0.24618983 -0.71039116 -0.10513631 -1.1882596 0.14836025 -0.040216748 -0.09942262 -0.1460653 -0.22152412 -0.4106131 -0.18703903 -0.13872719 0.17539442 0.27702114 -0.73571205 -0.84252805 0.43140996 -0.4950276 0.31233096 -0.12815264 0.49555963 0.23910707 0.15100099 -0.55582863 -0.009350472 0.048560873 0.32097203 -0.3871009 -0.14655444 0.2448189 0.18799251 0.4090629 -0.7210572 -0.09605737 -0.1499998 -0.59239656 -0.08663399 -0.07863957 0.16022791 -0.01175518 -0.18079257 0.012055419 -0.05364978 -1.4145951 -0.4648066 -0.83084697 0.4290977 -0.10216887 0.14029734 0.44322148 -0.2662712 0.13989924 0.11483054 -0.9970677 0.066450685 -0.67305344 0.05972844 -0.26694253 -0.047705393 0.28592837 -1.3151871 0.6104135 0.14349663 -0.45851266 -0.42156237 0.15446319 0.26428407 -0.46166298 -0.2722656 0.5949772 -0.23772693 -0.53541327 0.084611505 -0.17859662 -0.25626677 0.15624732 -0.06665784 0.109519474 -0.13985963 -0.14562722 0.43581176 0.06689257 -0.13735697 0.4259244 0.4922286 -0.66051024 -0.4355777 -0.81722534 -0.40130487 -0.076268815 0.6809899 0.7222446 -0.29228434 0.12878367 -0.30419686 0.0074240873 -0.6472021 -0.4705399 0.13488036 0.51386863 0.3930718 0.5936447 -0.8021798 -0.014616141 0.06623776 -0.3402559 -0.031392463 -0.7208831 -0.27420512 -0.25972006 0.09009338 0.06899792 -0.16339383 -0.35089123 -0.5155812 0.05207845 -0.58803296 -0.13485345 0.19818726 0.14167617 0.4578791 0.3612257 0.36432502 -0.4200035 0.45555022 -0.6152555 0.034152206 0.01929499
-0.14611639 0.2649627 -0.542998 0.5507155 0.18985121 0.40309358 0.20976505 0.4438363 0.2635874 0.1642593 0.045993015 0.14974634 0.77309716 0.49170274 0.36302343 0.48404828 -0.2398842 0.14119428 0.5785353 -0.04877477 -0.15362984 0.1221596 -1.6768863 0.29980192 -0.61876965 -0.07849571 -1.2083728 -0.6719081 0.092209905 -0.12041375 0.46577007 -0.027580261 0.12760264 0.10929492 0.71749604 0.32774097 0.1313847 -0.17434312 0.06592575 -0.539913 -0.081314854 0.28360322 0.106666245 0.37151805 -0.43394318 0.44761842 0.18806955 0.1273818 0.30447477 0.14124374 -0.50260526 0.69648045 -0.025363147 0.4497478 -0.12243578 0.4338499 0.3501865 -0.28834495 0.048679404 -0.34474874 0.38446665 -1.1891961 0.15174969 -0.17958559 0.1848533 0.09609454 0.1619329 0.14944825 0.1444086 0.07240948 0.056152124 0.4200778 0.10475652 0.1298483 0.058496077 -0.62416667 -0.46113566 0.28019744 -0.09812452 0.272321 0.68231153 -0.09279699 0.28549644 0.047562715 0.007825458 -0.13803212 0.22676083 0.39174688 0.28374824 -0.08046445 0.0976196 0.14428107 0.4827542 -0.17305407 0.24893048 -0.73159176 -0.1762233 0.18555893 0.53269017 0.19017622 -0.6553867 -0.16106912 0.3042988 0.15380906 0.056794252 -0.0326932 -0.2522164 -1.0035062 0.045863215 0.42888004 0.028227592 0.29865333 0.108808 0.35379845 -0.41947094 0.008149034 0.08054022 0.21175252 0.27759394 -1.0319005 -1.0958011 0.45667836 0.5770456 0.62160516 0.13725218 0.18627304 0.2801653 -0.1737376
-0.07335643 0.27784258 -0.70601076 0.43578902 0.15318944 0.4685108 -0.13198818 0.4204669 0.28523606 0.45581353 0.32157388 -0.3451265 0.7563458 0.48264334 0.48364308 0.49781042 -0.607337 0.09007748 0.7632268 0.17927943 -0.12177052 -0.10871772 -2.1399102 0.2815305 -1.4736131 -0.20989361 -1.2191503 -0.78284025 0.31765383 0.018228792 0.61233896 -0.06715554 0.41788352 -0.5551641 0.84958375 0.3985176 -0.7209972 -0.66776407 0.26211494 -0.5544955 -0.24961863 0.2151264 0.12540051 0.27710995 -0.35008445 0.31230825 -0.12126566 -0.41240367 0.22221005 -0.18629731 -0.89373064 0.73751336 -0.511495 0.21899506 -0.3854093 0.20435856 0.5035304 -0.1184723 0.014010665 -0.42580023 0.18011516 -1.4745333 -0.4083741 -0.68981266 0.441814 -0.54897004 0.3731904 0.019830512 0.19635081 -0.10378977 0.32708326 0.61014706 -0.177017 0.3780025 0.12804772 -0.44293544 -0.78643465 -0.1308351 -0.39494044 0.42429942 0.98539513 -0.62659615 0.16638708 -0.014661957 -0.13190134 -0.28796917 0.24911273 0.2834087 0.10818895 -0.68681026 -0.2688852 -0.10198649 0.5712511 0.017512925 0.33706608 -0.88451475 -0.36345747 0.17180833 0.75436354 -0.13801321 -0.6876544 -0.20095672 0.3717038 0.04345136 0.27056837 -0.08510577 -1.3294094 -1.5233723 0.42479378 0.7624637 0.331658 0.19744618 0.35083246 0.4660658 -0.7560304 -0.45850146 -0.17756204 -0.3161767 0.080502994 -1.2470455 -1.3304164 0.29037628 0.40436482 0.81623554 -0.24319233 0.428442 0.4361079 -0.5955715
-0.1403237 -0.079241596 0.12117777 -0.1274508 -0.19833149 0.018155068 0.049335595 -0.16028981 -0.105923325 0.13385975 -0.11570322 0.06354601 -0.109650396 -0.18017043 -0.18800625 0.124219604 0.019880407 0.038265813 0.02545175 0.0340023 0.08401368 0.10788779 0.10608493 0.03321143 0.021022001 0.02732922 -0.17332269 0.047821473 0.03297289 0.044462502 -0.05796197 0.105488874 0.010708938 -0.0524686 -0.016313052 -0.09127316 -0.036480952 0.13951032 0.02748853 -0.054067265 -0.0039281836 0.009437515 -0.11265507 -0.11688409 0.14551571 -0.009639572 0.017911399 -0.091846034 -0.1626588 0.02443743 0.05964943 -0.17687973 -0.18536283 -0.0695301 0.10376373 -0.16854581 0.115362845 0.13228582 -0.050246023 -0.018952936 -0.023063378 0.13434447 0.009045283 0.0326388 -0.07104437 -0.01272233 -0.12406813 -0.0017153708 -0.049870934 -0.0013627815 0.0127776675 -0.15863024 0.10745896 0.08295849 0.113965765 0.09571158 0.0130608445 0.08615056 0.07650998 0.07553887 -0.11713105 0.073223464 -0.024755066 0.034982488 0.03283044 -0.13692743 -0.09098318 -0.13644226 -0.057496678 0.046416514 0.010809236 0.10890082 -0.13810985 0.02270825 0.13400795 -0.1710477 -0.1437056 0.031917 -0.097912714 0.012794991 -0.11632937 -0.010202696 -0.16164225 0.13022135 -0.14077197 -0.19369705 -0.10219666 -0.0067984383 0.14452866 0.025934117 -0.060507167 -0.1568804 0.053769086 -0.021343522 -0.06175829 -0.06014972 0.015313883 0.093493514 -0.13623698 -0.0718832 0.053106274 -0.14420581 -0.014921132 0.13230237 0.091746576 -0.15244304 -0.10998737 0.01781596
0.1592795 0.35991856 -0.7595263 0.6392881 0.39212286 0.35807014 -0.3174133 0.20567982 0.58409965 0.37536103 0.43422416 -0.12813446 0.8464545 0.68896216 0.33423683 0.31555745 -0.48521364 0.15684853 0.81122994 0.20518637 -0.072934106 0.29091388 -2.1520174 0.4738582 -1.20445 -0.17764702 -1.2131554 -0.91055894 0.27033192 -0.09096552 0.58843327 -0.2991863 0.44123018 -0.86089444 0.7682753 0.25366488 -0.8137825 -0.45808902 0.107580595 -0.7473536 -0.3209582 0.26378137 0.3011233 0.28146613 -0.31492075 0.35990185 -0.13330972 -0.61567044 0.40278167 -0.2612307 -0.8697048 0.8475438 -0.7024365 0.38969678 -0.66744936 0.5196775 0.5115756 -0.05344598 -0.2510686 -0.102325566 0.36440077 -1.3471879 -0.6414723 -0.4502048 0.2992681 -0.70274496 0.46249196 0.11113437 0.37921882 -0.20034146 0.67578363 0.87387437 -0.4953135 0.5707293 0.22713271 -0.477083 -0.54842556 -0.18077125 -0.672344 0.3178013 0.9955405 -0.60955876 0.11802142 -0.2966375 -0.022272337 -0.65426046 0.17230399 0.44804817 0.04674254 -0.76105016 -0.011875629 -0.071197085 0.8474418 -0.025851943 0.39425567 -0.7760224 -0.39675125 -0.101623386 0.8957712 -0.0031271833 -0.32398388 -0.31203 0.42479792 0.10907465 0.35538825 0.07105952 -1.1230665 -1.3530777 0.6316908 0.86417323 0.33859614 0.40311766 0.27672508 0.5515943 -0.63801795 -0.45607668 -0.51951015 -0.21768118 0.35117084 -0.98323435 -1.2375345 0.6848752 0.7681347 0.78301585 -0.29732254 0.36086684 0.43518946 -0.7754796
0.37600335 0.08445266 0.040647823 -0.042055756 0.23576677 0.036027636 0.03856973 0.035652507 0.2600364 0.28870305 0.28655776 -0.06276457 -0.26181057 0.10138766 0.09882868 0.083933584 -0.011200242 0.06986454 -0.111220755 0.26760414 -0.022849966 0.14031534 0.39750063 0.08131687 -0.43265358 0.22001532 0.023602223 0.12625493 -0.16228144 0.01786445 0.18173116 -0.13418268 -0.07052764 -0.01730489 0.049057443 0.20140101 -0.058721196 0.08786185 -0.21406233 -0.0067523564 -0.24830586 0.15296926 0.16881488 0.19906737 0.66864216 -0.05534037 0.14753842 0.10447448 0.1544066 -0.027350465 0.4515719 -0.04329968 -0.08861156 -0.1107345 0.041012283 -0.039836295 -0.15538885 0.19209942 0.14792615 0.1255425 -0.18249325 0.26115677 -0.1511047 0.12969084 -0.17144063 -0.053763483 0.10749895 -0.058558308 0.17001323 -0.22770868 0.20831282 0.038292125 -0.23800008 0.06761917 0.15680358 0.14106432 -0.09077687 0.0049380846 0.0048605413 0.009518499 -0.09116952 0.20639451 -0.06987031 0.08689095 -0.16420631 -0.22461084 0.2166872 -0.11086095 -0.027289324 0.17578924 -0.06320124 -0.06630079 0.050385088 0.009747649 0.17357913 0.15651762 -0.1445426 -0.028129755 -0.02964572 -0.3800171 0.03359347 -0.26451477 0.088560455 -0.07336868 0.30017015 0.25026298 -0.3491416 -0.21917519 0.14002867 0.156458 0.085843176 0.1758078 -0.018703455 -0.028134849 0.15054902 0.11166679 -0.012935264 0.01705847 -0.0036636416 0.1963384 0.21960591 -0.035474684 -0.23167467 -0.07001175 0.056415368 0.063839465 0.08785266 -0.12302932
0.007573805 -0.13863395 -0.0133127235 -0.106061265 -0.07096102 -0.12713349 0.11379118 -0.15393922 -0.14265725 -0.06360061 0.10714993 -0.061335675 0.031440355 0.09955309 0.12690635 -0.0763947 0.015968557 -0.10848387 -0.05882183 -0.20405884 -0.16139786 0.04592756 -0.15038888 0.043133065 0.12522064 0.038791895 0.06767115 -0.16061068 -0.11951366 -0.14458363 -0.17484461 0.060851682 0.017035628 0.15414533 -0.04359228 -0.1579142 -0.16455114 0.0049683023 -0.15045804 0.0173325 0.095534384 0.114619814 -0.056341704 -0.13760741 -0.097358264 0.08316855 0.031627037 0.002817025 -0.21904442 0.06938587 0.09970052 0.016910354 -0.04191559 -0.10564772 -0.011446601 -0.012089992 0.016797816 -0.01486866 0.15868887 0.100889094 0.0035689431 -0.13477275 -0.104621015 0.059555177 -0.14912663 0.03836269 0.0024067136 -0.13910191 -0.009442533 -0.04202425 0.11513426 -0.046562955 0.1194757 0.107895456 -0.0694327 0.036772534 -0.048323363 0.13483144 0.056972094 -0.04331045 0.071751945 -0.15013847 -0.07383332 0.02213404 -0.18084383 0.09947127 0.0012118513 0.12756373 -0.06635327 -0.012529126 -0.048755664 -0.09250581 -0.06824632 0.1046836 0.13978578 0.050869368 0.06788533 0.040297914 -0.045100834 -0.13158245 0.036944337 -0.07542876 0.05114681 -0.15108837 -0.046396367 -0.11113254 -0.17936692 -0.17854425 0.12739535 0.008969274 -0.1849895 -0.016097592 -0.0611585 0.10016796 0.15306866 -0.0577162 -0.13459457 -0.123486854 -0.07467749 -0.09703842 0.17137723 -0.07822139 0.08365174 0.06317425 0.025873428 0.051783685 0.114303805 0.05043682
-1.6314155 -1.6557825 0.26652473 0.4703645 0.3812366 0.46791553 0.6584517 0.19644953 0.33530056 -3.0499773 0.5841592 0.6448453 0.47187355 -3.3427253 -0.2965121 0.3767446 -0.33275464 -0.008992709 0.35837397 0.4876325 -0.75009954 -1.6090602 -1.0727364 0.21274528 -0.603796 0.740475 -0.1386283 0.25954977 -0.078181095 -2.004113 -2.025848 0.70600265 0.2809243 -0.08381723 -2.517185 0.121241026 -0.114478424 -0.26081762 0.17286392 0.21424475 0.5506389 -0.10786185 -0.36304468 -0.31969795 -1.0090253 0.07954623 0.20624316 -0.017555147 0.121053904 1.1559603 0.694168 -2.443184 0.08029472 -0.081582405 -0.05358698 -0.092739336 0.094968274 -1.1777041 -0.70191216 -0.71279866 0.037774265 0.095046476 -0.03866115 -0.19872476 0.45353094 -0.08503993 0.07659662 0.008098109 0.11354229 0.58148366 -0.5273935 -1.9972087 0.7491953 0.2544591 -0.40051377 -0.19871281 0.14313918 -0.075324126 -0.010579205 0.2312859 0.33029026 -0.28210232 0.3689783 0.24753413 0.5127974 0.6874104 -0.46443072 0.064031586 -0.030122165 -0.29333997 -0.41554934 -0.572555 -2.7134533 -1.8708848 -0.22484906 -0.05311569 0.38661116 0.292672 0.37776965 0.5845562 -0.4319426 0.36949834 -0.41968313 0.38484144 -0.08107016 -0.038775403 -0.21151276 -0.57896566 0.16655754 -3.2043018 -0.08171453 0.20880528 0.17657323 0.058294423 -0.18012013 -0.07374488 0.6345977 -0.059945915 0.20883234 0.022792125 -0.038363125 -0.2178765 -1.7135497 -3.5579116 0.58364785 0.36262476 0.29998815 -0.014424665
-0.3690592 -0.38802424 0.23998287 0.20257857 0.25597996 0.22118703 -0.3618791 -0.49021736 0.056593582 -0.6587626 -0.115782015 -0.113676414 0.45310733 -1.0135005 0.19316708 0.44700634 -0.20482118 0.5412109 0.4544911 -0.08165301 -0.0045815427 -0.6830566 0.8925843 0.050156247 1.0640291 -0.27602777 -0.22976655 -0.006386079 0.16875 -0.4086469 -1.1369988 0.42392147 0.07216928 0.06289509 -1.9323332 0.2509538 -0.0073079043 -0.03311063 -0.31257686 0.023033576 0.19019173 0.10696851 -0.04653955 0.1942885 0.90389305 0.026128842 0.1550939 -0.3172637 -0.00732057 0.41597906 0.30951333 -1.8870871 -0.2857494 0.04138516 -0.58917445 -0.11165765 0.041180007 -0.68744296 -0.40829217 -0.721677 0.21643332 -0.17012773 -0.46862748 -0.00037897777 -0.034527212 -0.32775325 0.0947168 0.38282648 0.063959986 0.22159141 -1.7657503 -1.4080074 0.09872237 -0.023287345 0.39466274 -1.1299826 -0.1819829 -0.81989795 -0.37999806 0.03662698 0.58702487 -0.052837927 0.38066918 0.3034489 -0.011442838 0.26615483 -0.13596483 0.21111177 -0.20133375 -0.25807303 0.16940369 -0.22052613 -2.5318809 -0.92668056 0.032437764 0.025478087 0.2224162 0.4311949 0.25784224 0.00321079 -0.20436025 0.09271266 0.0056169876 0.45198002 0.0872933 -0.3243215 0.9331603 0.9936371 -0.07068669 -2.0563943 -0.048307147 -0.14261732 0.027469316 0.39866656 0.41484645 -0.7424855 0.15852684 -0.47821942 0.1756918 -0.29938006 0.008627039 -1.0022408 -1.395799 -1.6822228 0.0363325 0.27030665 0.33631426 -0.07644415
0.14524262 0.31990236 -0.65203327 0.08778388 -0.15100838 -0.20741059 0.091208436 0.3921763 0.19985858 0.23817313 0.08666906 0.11365 0.20074461 0.54813266 0.03440925 0.112011015 -0.550044 0.274649 0.18594885 -0.08553379 0.1419157 0.070215195 -1.8723934 0.03937328 -0.2253375 0.11527193 -1.0503393 -0.39217228 0.13655156 0.24643861 0.3980349 -1.1314256 0.19790776 -0.00028777248 0.4505701 0.28467393 -0.18661919 0.20768112 -0.118772276 -0.6524837 -0.0933556 0.027725143 0.2888016 0.27468568 0.2835417 0.29638478 -0.8156991 0.18631838 0.08820388 -0.04356044 -1.2560982 0.5789537 -0.025498258 0.19855236 -0.03986548 0.3059543 0.19874214 0.48220918 0.00041346456 -0.06718851 0.18544053 -1.1736673 0.02306444 -0.022479992 0.27119246 -0.12909228 0.0150475 0.100496784 0.07147447 -0.6321655 0.37703827 0.48783416 -0.19783801 0.23269795 0.044035837 0.09545018 -0.7058624 -0.007413984 0.09123992 -0.1273007 0.40527898 0.20926668 0.009626446 -0.46907586 -0.49301976 -0.4099666 0.057683304 0.13307118 -0.08031281 0.14007452 0.025994543 0.23358333 0.49826437 0.39914823 0.3631613 -0.27758625 -0.22614408 0.23994382 0.06466422 -0.93897647 0.11962854 -1.0014963 0.23535542 0.05364298 -0.17829752 0.16299115 0.04973989 -0.4831792 -0.0018108109 0.3400763 0.21231878 -0.010117391 -0.10618649 -0.18609408 0.15669361 0.059553843 -0.33812663 0.25360888 0.13780835 -0.7859982 -1.2658828 0.5350696 0.50930434 0.59748566 -1.1495862 0.050525915 0.0632528 -0.3221621
0.43868694 0.09154856 0.31552264 -0.1571209 -0.092250995 -0.019185644 -0.12762469 -0.7480016 0.17151128 -0.17943895 -0.12345976 -0.004741066 -0.6176316 -0.74092114 0.26577494 -0.64226615 0.13388091 0.41636953 -0.27219024 -0.13401945 -0.20090409 -0.16436408 1.5136367 0.1409228 0.8370035 0.072151706 -0.8196574 -0.24152975 0.14636944 0.03164983 -0.34295315 -0.040800303 -0.5728868 0.40682176 -0.6161738 0.22555824 0.07380679 -0.5690667 -0.29409674 -0.026294706 -0.080986425 0.15579201 0.14728913 -0.06727785 -0.10405332 -0.3264861 -0.19560517 -0.6725809 0.29768005 0.013168266 0.73028284 -1.1356621 0.061931826 -0.31536064 -0.48304704 -0.17596063 -0.033882245 0.23534788 -0.89494735 0.7899738 0.08015403 -1.0762149 -0.27050862 0.38981614 -0.6584103 -0.052095357 0.24496499 -0.18759564 0.06608207 -0.0058448575 -0.21130033 -0.7850622 0.27861056 -0.22804171 0.63356453 0.7656261 0.09879682 -1.0399803 -0.30504328 0.15688765 -0.7142291 -0.44507274 -0.12534373 0.05041025 -0.25044826 0.68645316 -0.20192829 0.044934474 -1.124841 -0.6085735 -0.058383923 -0.17631406 -0.9196247 0.007985536 -0.17974354 -0.053465303 0.4778183 0.39154455 -0.9316279 -0.35271925 0.2772922 0.32618645 0.20648177 0.37994465 0.35019782 -0.07784003 1.0857487 1.3146158 -0.15793706 -0.9264833 0.1482792 0.15135384 0.066034906 0.013922638 0.6181476 -0.33496028 0.292929 -0.50105983 0.13590224 -0.44501624 -0.48772252 -0.424842 -0.71747535 -0.7551214 0.45583105 -0.45387733 -0.17908233 0.27499783
0.28193495 -0.05187047 0.20515124 -0.02872812 -0.08916619 0.16448012 -0.009713314 -0.061849482 -0.19890958 -0.21486197 -0.1678027 0.15343514 -0.2361849 -0.62860596 -0.13851231 0.13342094 0.31792358 0.05900158 -0.26198015 0.08008015 -0.037686344 -0.025399886 2.3150876 0.23624277 0.90752643 0.07488522 0.6750263 0.25059235 -0.06813209 0.13206317 -0.67758834 0.16363421 -0.0050912313 0.27013847 -0.32438082 -0.040902775 0.14149766 0.0216023 -0.18116285 0.0027050055 0.21130958 0.102750406 -0.087149076 -0.11992404 -0.14512812 -0.100457914 -0.01713795 -0.11414827 -0.025070408 0.046109993 0.22069475 -0.38573766 0.01090409 0.11036567 -0.05405827 0.12440296 -0.028721815 0.15992108 0.24355277 0.5135183 -0.06677984 0.8800316 -0.04203044 -0.15040131 0.18574025 0.055572163 -0.12225569 0.18812306 0.16811122 0.19106302 -0.5363862 -0.46718553 0.40417117 -0.074983336 0.09453006 0.58528614 0.24794541 0.0093920715 0.22650507 0.0030346776 -0.24194689 -0.2148493 0.21647295 -0.1632652 0.004982118 0.6195939 0.14077133 0.029776221 0.001978876 0.19953121 0.14990686 0.42176044 -0.36939648 0.017662069 0.0010874817 0.34436163 0.22081912 0.25872555 -0.13367468 -0.13285221 0.36927474 0.15512334 0.15277325 0.34605563 -0.039808333 -0.037204437 0.55115086 1.0148927 -0.12773249 -0.6684359 -0.051248625 -0.06560791 -0.15958044 -0.10277651 -0.11110211 0.12780847 0.24610344 0.07703851 0.17214061 0.3680927 1.3398054 -0.48377296 -0.49583453 -0.779949 -0.054171428 0.1869997 0.042901035 0.08458139
0.020214008 -0.06293373 -0.920775 0.026743159 -0.27116928 -0.16485044 0.05373014 0.061033916 0.22522508 -0.124412626 -0.071737245 0.19947642 -0.18002003 -0.15851471 0.035536755 0.23762353 -0.60932547 -0.3511175 -0.18763998 -0.32264957 -0.44765702 0.33071405 1.2505021 0.08733316 0.16314098 0.2915688 -1.7822118 -1.218895 0.18916091 0.015933119 -0.45941317 -0.15410161 0.24873076 -0.22191644 0.05944521 0.2681711 -0.035922736 -0.14388184 -0.41259062 -0.7720859 0.08796376 -0.6412698 0.1324439 -0.20369245 0.24386597 0.10193369 -0.81370836 -0.13829777 -0.7827246 0.5187011 0.044932082 -0.27395347 0.029592779 -0.0988082 -0.040149666 -0.26167786 -0.35856822 0.74269587 0.4048596 0.41303122 0.120118424 -1.5647764 0.142874 -0.25074688 0.39931458 0.14858128 -0.67449754 -0.22087514 0.17430197 -0.7257482 -0.46179712 -0.23939976 0.31654203 0.27404946 -0.089310884 0.46440673 -0.6139623 0.23929675 0.24283208 -0.48487848 -0.17559855 -0.16780971 0.10576227 -0.89188015 -0.944617 0.37005916 -0.062944986 0.091114245 -0.17670543 0.2144023 -1.004365 -0.65604943 0.0029755156 0.349611 0.05624063 -1.033026 0.29599965 -0.14907981 0.35983276 -0.9786612 -0.51221836 -0.54568624 -0.3101042 0.11879531 -0.7237797 0.4217883 -0.1828261 0.7084771 0.37774563 0.18724765 -0.009526297 -0.39177185 -0.06236757 -0.30085343 -0.26971313 0.34233743 0.14134894 0.42162699 -0.25334272 -1.7962438 -1.7546061 -0.24600394 -0.44890162 0.123457134 -0.6333676 0.1522318 0.023821801 0.07405193
-0.0976981 0.10847095 -0.76163524 -0.2131462 -0.23349458 -0.2939848 -0.063217744 -0.09490335 -0.048079167 -0.0455499 0.12975876 0.1835409 -0.11372701 -0.010306508 -0.11008542 0.042171318 -0.7175876 -0.23307931 -0.5152111 0.063922316 -0.9856208 0.14329188 1.7356764 0.18230262 0.7856028 0.06443152 -0.017672168 -0.5186642 0.27979818 0.28061438 -0.37433952 -0.8193995 0.14540513 0.21290138 -0.07990113 0.038179446 0.17894888 -0.050816704 -0.20224412 -0.883123 0.21236138 -0.13237469 0.007087614 0.013997257 -0.14162384 0.23509541 -1.3701017 -0.08667412 -0.20458966 0.26903483 -2.1342192 -0.45465145 0.12531032 0.084070005 0.21500972 -0.129772 -0.048299845 0.81863123 -0.090832345 0.53216213 0.09948673 -0.16885538 0.26931018 -0.016511897 0.31383273 0.11450276 -0.35575092 -0.14974499 0.08884826 -0.76840633 -0.30840003 -0.20269424 0.30784458 0.31337 -0.14127132 0.66163313 -0.31795964 -0.18824618 0.31790063 -0.2490011 -0.12212426 0.1471756 -0.0019419977 -2.1450748 -1.1544994 0.5771645 0.27869782 0.22519888 -0.11844003 0.23871519 -0.81223583 -0.9605025 -0.100091904 -0.48109204 0.063035846 -0.4060482 0.53192204 -0.07225143 -0.014631046 -0.27715892 -0.5790817 -1.2845337 -0.18805282 0.25005063 -0.49309957 0.86766005 0.48989278 1.1242379 0.031710483 -0.27105656 -0.059704144 -0.15634024 -0.0573355 -0.30616698 -0.1546845 0.2085843 0.34064478 0.11397452 0.051199008 0.031133847 -0.15949108 -0.050817672 -0.31380594 -0.34992397 -2.2818449 0.16689914 -0.17266575 0.25641146
0.23130031 0.6512882 -1.1301984 0.5264062 0.082799084 0.43613845 0.16176187 0.027971199 0.4083629 0.6492286 0.39797574 -0.048318323 0.6623071 0.7276829 0.3174395 0.58041525 -0.9024515 0.019188397 0.5863279 0.3211258 -0.060423702 0.14875817 -1.56576 0.4358606 -1.2439544 -0.11110921 -0.88833755 -1.1949083 0.22399516 -0.030210696 0.62287915 -0.7653206 0.322421 -0.95339 0.8660692 0.2185815 -0.9401199 -1.03644 0.22750573 -1.1371537 -0.2763937 0.22428039 0.21662469 0.51037383 -0.7163009 0.3806382 -0.4164689 -1.0145259 0.06999546 -0.4637073 -1.0946246 0.9165361 -1.0114474 0.25827384 -0.97350836 0.4091748 0.55566394 -0.006122007 -0.8997715 -0.3451663 0.4059167 -0.824228 -1.0288826 -0.7917867 0.36197513 -0.9321629 0.32792765 0.0045395973 0.5218058 -0.54607326 0.5519085 0.68049806 -0.4273839 0.548992 0.3507712 -0.19831793 -1.1038367 -0.0485643 -0.9025361 0.43508807 0.54275054 -0.74328554 -0.08756161 -0.47574446 -0.6314594 -0.49278137 0.12196776 0.16056104 -0.008959415 -1.2106378 -0.30871162 0.07066669 0.7346587 -0.06743144 0.25867227 -1.0009727 -0.23279166 -0.06280555 0.90709156 -0.5637832 -0.7001868 -0.57910854 0.30372578 -0.050704338 0.23316276 0.16787519 -1.0239726 -1.2283362 0.45243877 0.73392373 0.34884563 0.3219065 0.3427818 0.21114291 -1.0954187 -1.0182709 -0.30064055 -0.9341467 0.07356521 -0.95007324 -0.78520095 0.7273069 0.43756405 0.6540656 -0.57826805 0.080980346 0.22015865 -0.80444866
-0.31094116 -0.21417789 -0.3908557 0.49605146 0.050239325 0.244659 -0.10343397 -0.19354647 0.33031967 -0.3930778 0.1089101 0.12021432 0.49224988 -0.98654187 0.14958201 0.3182337 0.29493633 0.1440123 0.4338462 0.23082958 -0.36592835 -0.47661036 -0.7849935 0.1893182 -0.43603382 -0.17815067 0.04075837 0.5513688 0.33759016 -0.12739916 -0.40730608 -0.94990027 -0.06806402 0.031188566 -0.7012462 0.17938228 -0.3522142 -0.6540231 0.4181374 -0.58644515 0.15961589 -0.16811444 -0.04654143 0.2117074 -0.30681166 0.026913282 -0.3921732 -0.33558547 0.18354237 -0.19427368 -0.60095656 -0.60213804 -0.29970708 0.017608806 -0.6470097 -0.1709854 0.2986794 -0.03875295 -0.50087696 -1.9942608 0.27292854 -0.13120243 -0.3180752 0.025709933 0.056558765 -0.5716296 0.27903712 0.24594937 0.3159937 -0.72394633 -0.027152326 0.0041369023 0.1347834 0.43285856 -0.029914424 -2.9486752 0.27285466 -0.06299643 -0.9147694 0.0151864225 0.48002025 -0.51006025 0.24261898 -0.66404015 -0.7772202 0.06014506 -0.072917886 0.07924509 -0.12735303 -1.0058137 -0.024616508 0.71897614 -0.36034665 -0.94261694 0.0515153 0.50840163 0.080236554 0.30486634 0.67263496 -0.7417598 0.2405847 -0.7318348 0.021148821 0.29859132 0.10562728 0.22988106 -0.7366593 -0.89113665 0.15820189 -0.66734016 0.21819703 -0.114013106 0.12317892 0.05317584 -0.11338818 -0.854351 0.22545092 -0.8666581 0.13517968 -0.09003496 -0.057005707 -0.06486927 -0.819663 -0.10431807 -0.5028271 0.219478 0.39547065 -0.1942119
0.0010307196 0.40981713 -0.6879916 0.70202243 0.086410336 0.42631802 -0.10919184 0.279632 0.2880133 0.5289289 0.17695813 -0.4061091 0.74892867 0.755156 0.47544047 0.37102127 -0.7271115 0.33964118 0.5943008 0.3099642 -0.25206265 -0.115769185 -2.2463589 0.3102331 -1.3408905 -0.37487388 -1.2797012 -1.0258752 0.39404032 -0.016460525 0.41205764 -0.50781524 0.13350321 -0.46055043 0.7400109 0.47734764 -0.637344 -0.63405067 0.4221282 -0.7495001 -0.020661434 0.0076506217 0.4514037 0.27780128 -0.6020567 0.18176135 -0.16466537 -0.47868887 0.1301265 -0.28030735 -1.1384852 0.5932786 -0.62960213 0.3974008 -0.43129265 0.34209037 0.6080993 -0.18329102 -0.29546812 -0.35660318 0.61465937 -1.203427 -0.6205764 -0.23137493 0.3153208 -0.7545441 0.07144554 0.37963817 0.43828467 -0.18510467 0.4205425 0.66668946 -0.31882432 0.2509479 0.15852726 -0.5378462 -0.6214514 -0.015196428 -0.824961 0.3824957 0.7375501 -0.5600736 -0.05774557 -0.40428323 -0.27239433 -0.16964996 0.030399522 0.3550209 0.13779093 -0.7807606 -0.20748916 0.10213683 0.86193544 -0.4430399 0.41195056 -0.7920486 -0.23070125 -0.026985174 0.725531 -0.19628574 -0.58422166 -0.35492563 0.24309646 -0.010432886 0.14356486 -0.041643534 -1.2141328 -1.5467019 0.52626437 0.9743061 0.45898545 0.03893017 0.3230877 0.37420923 -0.42409992 -0.6611289 -0.15956208 -0.5305401 0.27432746 -1.2274069 -0.93950874 0.6161713 0.5453426 0.8426608 -0.63392246 0.39420608 0.36063817 -0.45985833
0.3866168 0.5364956 -0.53400385 -1.3520766 -0.1349623 -0.3473595 0.17614728 -0.8148137 0.18155645 0.40838522 0.042464763 0.5673954 1.3296622 0.27491936 0.12144238 -1.508009 -0.8282252 -0.44548395 1.0524633 0.026018187 -0.035591744 0.21117121 -1.3602698 0.3069665 -0.13611592 0.15320513 -1.52514 -0.18662731 -0.04701688 0.2780252 0.22123899 -1.8352712 0.11963294 0.3610603 0.5941908 -0.0058679846 0.26411122 -0.4539897 -0.12046843 -0.5285142 0.32718465 0.3222235 -0.039600946 0.18538508 -0.6393947 0.13540207 -1.6046904 -0.45262787 -0.040595427 -1.9696528 -2.1128554 0.29467696 -0.09513481 0.16345567 -0.12508596 0.08289804 0.07352737 0.3394195 -0.95183796 0.22645052 0.17642462 -1.5602053 -0.1287021 -0.7253178 0.2933971 -0.1197288 -0.10202466 -0.9544899 0.07032284 -1.1941385 0.22878386 0.54723 0.18661505 -0.09619748 0.17148133 0.5135377 -0.36352026 -1.4316231 -0.06781835 -0.12209093 -0.610514 -0.07297991 -2.2223225 -0.8485968 -0.9916707 -0.6210525 0.117916554 0.054774985 0.22398426 -0.1343901 -0.18703865 0.2957805 0.49116483 0.35729215 0.03309836 -0.19945869 -0.29178846 -2.0695 -0.7001802 -1.4675963 0.05164465 -1.2303382 0.20886217 -2.9760199 -0.93607414 0.39512154 -0.16425961 0.053264312 -0.005389712 0.54713076 -0.08127712 0.29833233 -0.2713878 0.35520485 -0.19451298 -0.6237717 0.11087009 -0.68287754 0.14760299 -1.375599 -1.3038907 0.17588972 -0.18683405 0.4608809 -1.7633206 -0.2042676 -2.34927 0.15353328
-0.49814847 0.24750432 -0.12467535 -0.22394885 -0.61460847 -0.9769125 0.15292853 0.089968726 -0.72502416 0.35928047 -0.5917438 0.273522 -0.27535364 -1.0996231 0.16903359 0.06194489 0.076593876 0.005409144 -0.7167402 -0.39188626 -0.002622991 0.37391475 0.5859866 0.02107986 0.06969726 0.10308742 0.023713462 -0.018443331 0.059633564 0.3416333 -1.3575424 -0.18882628 0.29516038 0.042711474 -0.38297462 0.04323766 0.22719836 0.15080687 -0.40667722 0.01992336 -0.017362205 -0.8344376 0.15536517 -0.07556891 0.2580843 0.08849064 -0.32470664 0.34750688 -1.3400637 0.029654376 0.31169882 -1.6997343 0.0353739 0.29356238 0.100949645 0.33208197 -1.0149797 -0.7818501 -0.08257453 0.078689665 0.028289216 -0.1708506 0.21091855 0.25684255 -0.14982133 0.030691981 -1.0742334 0.2691036 -0.06540379 -0.24114354 -0.9486812 0.15440898 0.07517162 0.13034637 0.012040265 -0.403469 0.0072004455 0.18668495 0.4006041 -0.9602926 0.017815799 0.29259756 0.021706436 -0.14012673 -0.14633563 0.118562005 0.21946765 -0.010933692 0.3087873 0.16637963 -0.0054007983 -0.09848662 -0.15722367 -0.11837491 0.2550773 -0.13583702 0.2607987 0.26921088 0.00072099234 0.0221116 -0.14315672 0.1010654 0.14371766 0.25565347 -0.226768 -1.2251323 -0.08343497 0.2895598 -0.17869584 -0.3451311 0.1229042 -0.9648161 -0.77012396 -0.5086383 0.08521685 0.03024042 0.075635284 0.075836375 -1.0069828 -0.16652322 0.2516274 -0.37707704 -0.78917885 -0.119619496 0.44539222 -0.0025404126 -0.12385586 0.26415125
0.14343956 0.1908685 -0.35654056 -0.27059498 -0.32896644 -0.4398954 -0.023559121 0.06531751 -0.49135157 0.11362304 -0.48944232 0.19211338 0.34960735 0.3785535 -0.2418888 -0.21143733 -0.4678983 -0.26828164 0.16115935 -0.3529685 -0.433927 0.24814218 0.08413792 -0.48492908 0.7488938 0.3517322 0.20157397 -0.41169712 -0.41896176 0.16901997 0.46677837 -0.25240743 -0.15315355 0.19029012 0.2744866 -0.4246919 0.17410229 0.33949122 -0.24657123 -0.029319298 0.055338092 0.10639415 -0.40926617 -0.13326015 0.30309948 -0.10069585 -0.54606736 0.38125145 -0.17846163 0.15687649 -0.5737219 0.3682651 0.40986615 -0.043041907 0.32408503 -0.053240128 -0.44005382 0.11188815 0.42751956 0.12783512 -0.08472557 -0.0672577 0.17921673 0.34415862 -0.1621848 0.3766778 -0.19178079 -0.25798145 -0.50459486 -0.40856576 0.1045543 0.30511236 0.015344231 -0.32489747 -0.109057166 0.2184042 -0.32700583 0.16055611 0.18095177 -0.38450417 -0.16298154 0.15229502 0.16638945 -0.26692897 -0.4608655 0.014742572 0.18425807 0.010094387 -0.02980645 0.46227887 -0.45552602 0.070109494 0.44458392 0.07773417 -0.23678806 -0.34509715 -0.13136597 -0.13746566 -0.07812534 -0.54252553 -0.4538596 -0.45327187 -0.16909726 -0.13586196 -0.41405925 -0.16930123 0.52787274 1.0299511 -0.56754297 0.46142697 -0.2075125 -0.19732308 -0.34286243 0.22642243 0.40774757 0.3990025 -0.08248192 0.5024205 -0.31677723 0.0495267 -0.07442833 -0.109798834 0.40940887 0.1228967 -0.3022372 0.07519399 -0.04666119 0.15197217
-0.033574406 0.074744776 -1.5954121 -0.13827199 0.086744644 -0.30626255 -0.11677795 -0.008857606 0.17159864 -0.15092242 0.09892063 0.21463488 -0.267506 0.019481236 0.090424106 0.036895376 -1.4832726 0.049891334 -0.4171693 0.055714183 -1.2750707 0.20810069 0.01465477 0.11592898 0.017133227 0.069249325 -1.4832629 -1.3311548 0.081667036 0.029767346 -0.197913 -2.4112508 0.119237 0.22551434 -0.050923493 -0.0176257 0.121519536 0.04582622 0.19965087 -0.8197235 0.010431679 -0.2430232 0.023197116 0.03573544 0.039145526 0.021847256 -1.1865872 0.14110532 -0.24840127 0.03686709 -0.92771125 -0.34143186 0.009460635 -0.14088634 -0.09152227 0.05924156 -0.25523573 0.6966821 0.10107707 0.8197112 0.17441438 -1.4774799 -0.058616005 0.13658637 0.009346543 0.17018774 -0.20960613 -0.1769881 0.021482855 -1.7718449 -0.47544393 -0.38459754 0.36266914 0.23190129 0.08742666 1.0288489 -1.3304331 -0.1968289 0.26019177 -0.118603 -0.18714339 -0.091844104 0.09256052 -1.4380088 -2.3690624 0.48099118 -0.106588334 0.15820228 0.14135903 0.34971917 -1.8684183 -1.2288945 -0.24561423 -0.2482084 0.15912606 -1.4860579 0.3757202 0.16644171 -0.015571782 -1.6762046 -0.9517353 -2.0267065 -0.21120647 0.09483983 -0.2949267 0.9451759 -0.06531557 0.100812405 0.18594371 -0.09918564 0.16932967 -0.038334504 -0.14107025 -0.29663298 0.08582264 0.2125613 0.40064752 0.18839018 -0.25896856 -1.7533365 -1.627754 -0.26590726 -0.23434778 -0.15831976 -1.2162753 0.32876697 -0.09099704 0.23292226
0.20134714 0.04872329 0.08607477 0.017260764 0.12874173 0.057801757 0.16464606 -0.56850743 0.019309327 0.09198776 0.09768731 0.1905427 0.10395418 0.017824806 0.21319693 -0.4673644 -0.15980102 0.54152286 0.07921138 -0.093282156 0.08085683 -0.15168682 1.6813122 0.06195289 1.0621225 0.22372484 0.24738556 -0.110747054 -0.07851975 -0.14746338 0.20189424 -0.1271628 -0.40547627 0.048954938 -0.14178032 -0.057562202 -0.13620165 -0.18756717 -0.29338074 0.10082459 0.099880435 0.22908054 -0.093385056 0.20232227 0.55003047 -0.43694386 -0.18298167 -0.59935373 0.13250963 -0.2293176 0.35547543 -0.24343328 -0.34329376 -0.18937771 0.029474773 -0.18139338 -0.13384713 0.31559527 -0.734553 0.20473975 -0.15995227 0.36890468 -0.2062218 0.23433128 -0.4172264 -0.019470897 -0.059342887 0.14830017 -0.01607204 -0.14782363 0.11651503 -0.37770516 0.03429437 0.11348576 0.18185319 0.23068303 -0.11253551 -0.042887624 -0.017945385 0.09857997 -0.40362015 -0.24432214 0.10496796 -0.31655556 -0.02930617 0.19987588 -0.22795077 -0.0735686 -0.986037 0.42553243 -0.36974964 -0.115311205 -0.17096238 0.14683141 0.10264592 0.10195249 0.24342242 0.10810073 -0.128733 -0.23585325 -0.07134071 -0.24040069 0.25200635 0.06396192 0.24348924 0.092554465 0.4981155 1.1594257 -0.036887858 -0.19994205 -0.018035829 0.13279799 -0.03002997 0.081738174 0.57596195 -0.15157798 0.30848438 -0.1970668 0.16521502 -0.02874295 0.6598048 -0.21500267 -0.35335055 -0.5936371 0.09817415 -0.15223041 -0.09171288 -0.6363714
0.12657477 -0.10171787 0.110787235 -0.21127327 0.015986929 -0.10932358 0.09316889 -0.021233523 -0.10197401 -0.0909531 -0.0883418 0.105219886 -0.055477493 -0.17695706 -0.03346666 -0.057773244 0.13952997 -0.177809 -0.046236005 0.11063554 0.0025877596 -0.043764465 -0.19504777 -0.18874848 -0.08292561 -0.18407258 0.03936429 0.043609288 -0.19478157 0.14221811 0.00032855492 0.06656656 -0.09621097 0.12143231 0.12860438 -0.19906922 -0.09174755 -0.14813574 -0.013706425 -0.13453107 -0.09994402 0.028743915 0.049627174 0.0997718 0.1119004 0.025442602 -0.07264732 0.012028992 0.12043063 0.12922071 -0.2052263 0.14035167 -0.077027164 -0.0871807 -0.18199731 0.066725336 0.0036836262 0.07375838 -0.12618187 0.09427646 -0.19896223 0.10348529 0.10373031 -0.18739378 -0.18704596 0.014526512 0.047337316 0.14295189 0.039889954 -0.12407306 0.021664204 -0.18634108 -0.13578571 -0.02866353 0.029382242 -0.19343264 -0.053018846 -0.17780472 -0.20546727 -0.0463681 -0.052738868 0.0064862957 0.08194533 -0.20002526 -0.11172846 -0.097246185 -0.15854688 0.12957004 0.13920729 -0.21938024 -0.17760439 -0.12023019 -0.07006399 0.000779241 -0.19919384 -0.046406075 -0.17542408 0.1323223 -0.15229976 0.019752005 0.14956164 -0.16928169 -0.016249033 0.12384875 -0.030880561 -0.14247267 -0.08761139 -0.18071051 -0.13804355 -0.12600902 0.038495034 0.06469483 -0.08822523 0.1043773 -0.13350947 0.025654497 -0.1919814 0.059369557 -0.21828938 0.07809905 -0.031930286 -0.17934251 0.14372124 0.006207414 -0.15787083 -0.0013537249 -0.15014502 -0.16849309
-0.3782138 -0.3271516 -0.105461754 0.32465392 0.12824544 -0.01365666 0.28913426 -0.16546498 -0.32615647 -0.2418736 -0.86785984 0.20679834 0.37142873 -0.008434261 -0.61787474 0.22367874 0.14569043 -0.06054263 0.5397035 -0.7825168 -0.49706385 -1.4772077 1.6604434 -0.35171363 1.3379147 0.14406928 0.15852164 0.10638678 -0.1612927 -2.3324661 0.052604314 -0.75282544 -1.0928966 0.24405889 0.066641845 -0.06316762 0.36724415 -0.71456033 -0.83303785 -0.22474559 0.33133766 -0.6508163 -0.5553623 -0.7399938 -0.79326576 -0.5611541 -1.4025315 -0.7033075 -0.14458118 0.07927722 -0.67860264 -0.049347986 0.21502769 -1.0306851 -0.22536464 -1.2751068 -0.58454466 -1.3008063 -0.91865003 -0.17844296 -0.29554662 0.053454433 -0.17154595 0.1627132 0.03090327 0.16409795 -0.03626397 0.12611915 -0.16574837 0.02155538 -0.07426243 0.06432918 0.2669846 -0.18481058 -0.9606174 -0.056749295 -0.004317518 -0.6414542 -0.3936396 -0.14387053 0.29265842 -0.50190336 0.17936113 -0.95142806 -0.56797576 0.11121333 -0.9083359 -0.4123753 -0.8756333 -0.8039454 0.13101867 -0.17417522 -0.21532948 -0.7803135 -1.1857113 -0.10819641 0.3894684 0.24587688 0.233214 -0.20784792 0.118973255 -0.5244108 -1.1917017 0.20319022 0.2739722 -3.7087288 0.88631374 1.2284465 -0.31985256 -0.06350641 -0.5297143 -0.27601713 -0.16688153 0.39658973 0.38063475 -0.14475411 0.27205777 -0.13649592 -0.5202388 0.07677758 0.15368241 -0.33955783 -0.3072085 -0.01946172 -0.89122015 -0.15307097 0.096507415 0.10724538
-0.029773705 0.5554575 -0.65237415 0.6657312 0.34344393 0.34160572 -0.0008716093 0.53523815 0.5778032 0.43135098 0.25667125 -0.04097774 0.7098123 0.68349767 0.24529074 0.5060251 -0.8298892 0.42059466 0.793539 0.36443323 -0.28318644 0.00849179 -2.3133225 0.39521673 -0.90403515 -0.15166427 -1.359158 -0.95465726 0.4418262 -0.14889014 0.7408623 -0.25976527 0.23006487 -0.13572079 0.8267691 0.2602737 0.021911671 -0.15009573 0.19008255 -0.55810976 0.1450677 0.2389921 0.4095276 0.61320895 -0.32304534 0.5153111 -0.07739859 -0.12280959 0.38434872 0.009676901 -1.0940677 0.8048157 0.023751799 0.4388102 0.086540796 0.570892 0.6409117 -0.12955104 0.12626606 -0.4494214 0.64599365 -1.350937 -0.060126483 -0.18026513 0.20465517 -0.1232896 0.50533885 0.15840983 0.35960513 -0.5146633 0.5561463 0.6821179 0.04782789 0.5110241 0.1568627 -0.7326981 -0.78247714 0.17279604 -0.19272955 0.42366317 0.69753647 -0.12585185 0.22995864 -0.19554381 -0.5162571 -0.26881993 0.47006246 0.45874202 0.21152778 -0.3571629 -0.3868864 -0.062817864 0.78572446 -0.3020145 0.5450085 -0.9252439 -0.062371373 0.02610732 0.7813362 -0.41412428 -0.6711128 -0.45165518 0.51091963 0.04461935 0.12808812 -0.07102769 -0.4596245 -1.3360665 0.2755475 0.6925956 0.31245574 0.12940034 0.37051147 0.4327727 -0.1956434 0.1902138 -0.264045 0.14260156 0.20373836 -1.2476839 -1.2323802 0.5256842 0.6687004 0.7911882 -0.25986427 0.4520795 0.6801431 0.08812668
0.120583884 0.31992662 -0.4636011 0.3920146 0.27466545 0.17279664 -0.11293199 0.28345484 0.3352951 0.55606383 0.32854158 0.07856702 0.52536523 0.39175132 0.34048116 0.35623556 -0.66778314 0.07298685 0.24857378 0.27215326 -0.6026799 -0.036497094 -2.332243 0.11212395 -0.60834396 -0.1589372 -0.9403193 -0.35542756 0.25226453 -0.082303315 0.56967664 -1.102768 0.41036183 0.1463301 0.8977705 0.35226676 -0.08727422 0.015982851 0.21125485 -0.4856966 -0.09000174 0.0616708 0.31075084 0.17430402 -0.09236912 0.44755006 -0.9388941 0.07073966 0.19053109 -0.030769153 -1.0175732 0.40760687 0.056970887 0.32781392 0.18680704 0.37501135 0.42322347 0.086747326 0.014310983 -0.28717753 0.5095207 -1.036389 0.23573127 0.060505874 0.40592107 0.078178614 0.32004035 0.31292596 0.30641106 -1.0981153 0.479445 0.65899944 -0.11958885 0.34135547 0.027073545 -0.51332897 -0.5443752 0.2604867 -0.1438259 0.27150485 0.31359905 -0.042115934 0.18438213 -0.78364545 -1.0170512 -0.21372159 0.2228601 0.15861131 0.27312863 -0.037475817 -0.6632822 0.060004164 0.7139933 -0.34624612 0.108906634 -0.47672445 -0.05894308 0.15911281 0.2532712 -1.1465701 -0.20741402 -0.87006116 0.36420143 0.10023959 0.11486552 0.2855531 -0.0856762 -1.2298906 0.14416686 0.82082564 0.22264923 0.20876954 0.14273039 0.2966826 -0.11290241 0.013437115 -0.07313401 0.02463503 0.124385566 -0.7693017 -0.9832153 0.46734753 0.027498437 0.7316982 -1.2009519 0.09278351 0.1732326 -0.0072824145
-0.06055986 -0.056655742 -0.15740885 -0.017563123 -0.0013482652 0.07752815 0.10694708 -0.14773439 -0.16130644 0.09219692 0.071306 0.098127976 -0.091173954 0.12847105 -0.21942365 -0.15432042 -0.03188678 0.03550889 -0.1848711 -0.022072233 -0.050630327 -0.07006768 -0.13393058 -0.1323876 0.008298314 0.042278767 0.11492588 -0.06463685 0.13423014 0.01871474 -0.16364151 -0.18339992 0.074019596 0.013360045 -0.04450857 -0.10405397 0.083110526 -0.06361209 -0.17699796 0.07777653 -0.075792216 0.054017134 -0.16338363 -0.08339606 -0.09686922 -0.03696471 -0.067373514 0.05273953 -0.18440443 -0.1559156 0.09228299 -0.180906 0.059608433 -0.19925593 0.03444841 -0.046856645 -0.13496576 -0.047694407 0.021703983 -0.042023543 0.08672083 -0.08986922 0.080048874 0.16281228 -0.16882992 -0.13846053 0.011663739 -0.07488117 -0.05220353 -0.21248189 0.062302794 -0.058417674 0.010868176 -0.08552944 0.015994517 -0.048323967 -0.08345836 0.043912906 -0.065637626 0.017332304 -0.17977375 -0.06840033 -0.121122725 0.02856593 -0.16991727 0.13696803 0.01129204 0.064036585 -0.12901686 -0.14360175 -0.07248946 -0.14340296 -0.09161275 0.0977515 0.051422935 -0.08261864 0.10734545 -0.1625596 -0.10272304 0.06614432 0.031415943 -0.098625466 -0.16344583 0.018732112 0.12393113 0.12601058 0.14502753 -0.13256568 0.06839786 0.010447392 -0.18731259 -0.036645934 -0.21835811 0.022973828 -0.097204626 -0.11894165 0.008601687 0.119230546 0.05134555 -0.120446734 0.11171935 0.020458233 -0.16177528 -0.08855817 -0.09032123 -0.17543964 -0.1867682 -0.13300662
0.070971236 0.12556285 -0.49383965 0.30512995 0.17273514 0.30574057 0.025496384 0.34740433 0.2200568 0.389704 0.028032204 -0.26588613 0.6689702 0.57053167 0.12293524 0.38172922 -0.44041386 0.26846892 0.70964396 0.13196445 0.024893928 0.12622507 -1.9092158 0.3233949 -1.0277826 -0.26861396 -1.1242392 -0.70495236 0.17777848 0.020741483 0.3790095 0.09729101 0.2216852 -0.64148515 0.41511223 0.10171561 -0.70454425 -0.6553142 0.22878951 -0.5901303 0.0044784932 0.22265539 0.25865304 0.24278085 -0.84836227 0.4125338 0.01603054 -0.61811596 0.16102542 -0.20986794 -0.9046914 0.61858463 -0.7876621 0.3896577 -0.70142174 0.285069 0.30283418 -0.27164114 -0.50558805 -0.14325319 0.18790188 -1.2026776 -0.40830913 -0.3236338 0.30782232 -0.9025177 0.18896098 0.011041381 0.1531314 -0.06573289 0.25220242 0.69861054 -0.22872794 0.30613324 0.13186596 -0.39365575 -0.64362967 0.115270376 -0.57431436 0.28210443 1.0750848 -0.7499169 -0.02848343 -0.1998616 -0.1706081 -0.3781229 0.24495576 0.13255772 0.20317069 -0.76072764 0.044109643 -0.017377669 0.5917477 0.101494476 0.23691878 -0.5980831 0.07852573 0.14293732 0.7719421 0.07441342 -0.5316493 -0.14259052 0.012979091 -0.07228763 0.34820846 0.050535116 -1.2409921 -1.4059688 0.19216506 0.45838088 0.18355675 0.3044284 0.36485368 0.5179521 -0.76623577 -0.7679064 -0.1676678 -0.66309047 0.30149323 -1.1855731 -0.9120767 0.4481163 0.68919027 0.8130027 -0.10417879 0.4100054 0.4153357 -0.35869014
-0.12236082 0.1290901 -0.7147291 0.3196475 0.23725392 0.32026967 0.050970554 0.48752165 0.16176815 0.40330347 0.2322576 -0.22589557 0.44619805 0.74982166 0.39042124 0.376041 -0.50231373 0.18979162 0.64041203 0.09536316 -0.1555927 -0.22985305 -1.9506967 0.10933875 -0.72289866 -0.08057811 -1.1010735 -0.64867175 0.3636214 0.03695882 0.52818227 -0.14286736 0.4568076 -0.016298912 0.6919581 0.35548893 0.19444652 0.006400281 0.24173915 -0.44653842 0.00070574286 0.2909754 0.058520958 0.4101798 -0.10665824 0.16287273 -0.21805403 0.16139388 0.3201931 -0.17562602 -0.71900296 0.9210033 0.094379164 0.30038765 -0.10816968 0.3282613 0.4712244 -0.2084832 0.039574422 -0.50841695 0.56553715 -1.1133678 0.04361249 -0.2490059 0.35133883 -0.04256096 0.30691513 0.3649338 0.122508235 -0.22912723 0.28133625 0.62562555 -0.20995428 0.4440322 -0.017633852 -0.3216405 -0.4238442 0.058669038 -0.25245765 0.24466474 0.48698732 -0.07436703 0.1666227 -0.35479936 -0.0044543035 -0.22643131 0.22351864 0.251202 0.22872509 -0.34084618 -0.038612667 -0.09201367 0.7582438 -0.12856019 0.31300652 -0.80335873 -0.16834192 0.17947313 0.8309228 0.018160272 -0.5908963 -0.16215855 0.3859737 0.11176103 0.09299703 -0.15431407 -0.08101539 -1.1605296 0.23913646 0.8418583 0.063899405 0.3022247 0.17406829 0.3291469 -0.24630427 -0.048477866 0.058247153 0.03942776 0.20601045 -0.9676903 -1.0004067 0.3817465 0.5280162 0.9444895 -0.35776094 0.31366974 0.4374492 -0.095088325
-0.2611327 -0.10066426 0.1940226 0.11458694 0.1740368 0.12645343 -0.10879771 0.46491638 0.047587823 -0.16741323 -0.029551491 -0.11745769 0.25356942 0.22791448 -0.056839008 0.3598952 0.38838226 0.3359952 0.18458703 -0.021684758 -0.027184183 -0.09564664 -1.0441699 0.02686829 -0.076457925 -0.10032392 0.36904195 0.13619633 0.07992278 0.07306974 -0.2228562 0.44353434 0.29863763 0.10095446 0.42767158 0.039602675 -6.6841516e-05 -0.17089376 0.07132823 0.14308278 0.051234458 0.12973528 0.048943087 0.33247614 -0.33376247 0.20262517 0.1691479 -0.072157755 0.13563496 0.037062034 0.021899188 0.3304624 0.024719242 0.21517313 0.022513032 0.1218371 0.2166088 -0.06381235 0.023838878 0.025993463 0.3867421 0.2054241 0.27238694 -0.11949988 0.4661744 0.07892341 0.1855517 0.38764068 0.1010277 0.3184573 -0.22677568 -0.24968797 0.14867064 0.09409692 0.204667 -0.12046904 0.18137822 0.052351885 -0.092433 0.05712843 0.20476383 -0.073597424 0.18722251 0.3335465 0.053132392 0.0017276846 0.058483828 0.44167352 0.35800537 -0.09252172 -0.020780947 0.12924108 0.3218416 -0.2102887 0.109875984 0.34613183 0.14329156 0.2116733 0.2834203 0.27705762 -0.09713262 0.157105 -0.11686327 0.31767356 0.19841048 -0.2836604 0.030925492 -0.97031325 -0.017092366 0.048566107 0.11119369 -0.14995752 -0.11636432 0.322505 -0.25277448 0.16311188 0.26784027 0.28706166 0.052279435 0.38276392 -0.29052395 -0.15965831 0.03930031 0.17579497 0.14161626 0.1410463 0.35512593 0.075813286
0.5418889 0.25647038 0.16056171 -0.4666447 0.15112406 -0.008183913 -0.25339395 -1.0820615 -0.28857797 0.010430763 -0.10884726 -0.045261264 -0.02249065 -0.25923556 -0.06527415 -0.38226467 -0.18565184 0.33347666 0.27309683 0.07167062 -0.10669945 0.084184915 2.3133905 0.0062941783 1.1820091 -0.13663703 0.48647344 -0.073212996 -0.36241412 0.14997195 -0.2285686 -0.22504719 -0.62793326 0.470642 -0.16129759 -0.22214295 0.25133416 -0.572745 -0.36337635 0.14808881 0.13568464 0.074479334 0.039292995 -0.13417026 0.46791968 -0.3478982 -0.072099835 -0.4843419 0.29857436 0.25046706 0.52492386 -0.17264618 0.05971754 -0.50042504 0.112263635 -0.23780304 0.023468345 0.2133318 0.06932714 0.52313334 -0.23247753 0.74894357 -0.54111654 0.06808128 -0.74450505 0.17539854 0.11740634 0.3408603 -0.108420536 -0.1381056 0.20327482 -0.5563853 0.032293007 -0.40878853 0.09866705 0.5296747 -0.12525292 -0.63058066 -0.044456705 0.08950581 -0.996014 -0.30412197 0.6412344 -0.18159415 -0.14203402 0.65004665 -0.46365082 -0.36262515 -1.1281075 -0.09706019 -0.12047636 -0.037584733 -0.21371906 0.046296064 0.047364138 0.13639566 0.13983943 0.49910614 -0.8281938 -0.011059012 -0.0258065 0.19632944 -0.10453872 0.6617087 0.109617025 -0.12686796 0.80778724 1.2196409 -0.0787389 -0.36216033 -0.102008715 0.10092038 -0.02323619 0.2183818 0.69780034 -0.17979044 0.18351443 0.05484654 -0.0058784275 -0.1341004 1.1933966 -0.5476036 -0.33873627 -0.36300507 0.034230348 -0.5434235 -0.2964342 0.23450574
0.06809604 0.3433311 -0.5532877 0.64632183 0.1792993 0.36194664 -0.21398605 0.17199765 0.35056964 0.3692649 0.32183874 -0.053403135 0.9025499 0.7460379 0.3072869 0.52773 -0.6962193 0.3144962 0.5755524 0.0231326 -0.20798062 -0.080053724 -1.8232162 0.4067175 -1.2876762 -0.17230424 -1.339264 -0.89848447 0.23431163 0.11892261 0.44387662 -0.1276258 0.10419871 -0.7997931 0.8419109 0.3421139 -0.53233844 -0.588971 0.013938356 -0.48543036 -0.193384 0.14524351 0.20986475 0.31799603 -0.63636 0.33130926 0.08440093 -0.623383 0.35854524 -0.17595993 -0.5643542 0.7805366 -0.6746508 0.4857084 -0.43587327 0.33339226 0.36022267 -0.22026382 0.13555446 -0.39742228 0.45859057 -1.3092191 -0.29990155 -0.7655003 0.1595375 -0.73040676 0.20149378 0.35119444 0.5400234 -0.24146481 0.2785645 0.74267435 -0.19752644 0.40789422 0.1773702 -0.49973342 -0.65013653 0.11759826 -0.36913967 0.28033206 0.9385413 -0.6122347 0.07785385 -0.17423004 -0.11887828 -0.4023145 0.37607804 0.37740672 0.13751543 -0.6039629 -0.17376141 -0.28598937 0.7223496 -0.11743348 0.24706614 -0.85343987 -0.28589624 0.14037453 0.8879687 -0.36150822 -0.6116038 -0.09734101 0.2142292 0.14274338 0.040234663 0.117210664 -1.0179908 -1.4037933 0.22862579 0.82462573 0.25698483 0.2173553 0.3367898 0.19196577 -0.7806766 -0.40413386 -0.46434548 -0.163683 0.25209346 -1.4181052 -0.9955281 0.50958395 0.56634057 0.6235184 -0.26368472 0.36510688 0.5691641 -0.7376073
0.13811998 -0.058900323 -0.13062857 -0.14706096 -0.06563578 0.06288101 -0.17295022 0.11358948 0.12437047 0.12764053 0.03425697 -0.0990151 -0.053280905 0.16581713 -0.13832681 0.0017255811 0.15862602 -0.22990407 -0.03838071 -0.09782859 -0.058526743 0.030109692 -0.13953121 0.12477151 0.054413814 -0.14349027 0.21682262 -0.027894288 -0.08344984 -0.015659422 -0.17073867 0.0949742 -0.17906977 -0.18322879 0.17529891 0.033885565 -0.07281529 -0.1281305 0.15633091 0.05958833 -0.18312198 -0.17209612 -0.16511403 -0.14142385 0.07340463 -0.072241 -0.16482694 0.08365477 0.06486989 -0.19773199 0.13150927 -0.043987952 0.09179208 0.10676044 0.1034836 0.048403073 -0.07649395 0.048728444 -0.16145106 -0.15842818 0.061454274 -0.072995976 0.02082188 -0.12268883 0.07491295 0.11887917 -0.06755688 -0.062085457 -0.17206693 0.14999765 -0.13830356 -0.012955977 0.14456779 -0.2750992 -0.23273577 -0.10162482 -0.014811579 0.099897414 -0.07506438 -0.11231033 0.11600238 0.12784614 0.07037589 0.16396348 -0.14802179 -0.15787 -0.0477484 -0.21158826 -0.086139366 0.09091731 0.20847549 -0.010927582 -0.16507004 -0.10915744 0.09741906 -0.02552164 -0.15133211 -0.111617334 -0.06419206 -0.03529952 -0.09792548 -0.08135178 0.10244418 -0.10261065 -0.010755487 0.07066079 -0.14149962 -0.07988023 -0.11090665 0.16708015 0.00037720916 -0.0347547 -0.05726477 0.085040346 -0.07154014 -0.0266575 -0.10046568 0.032487188 0.1443638 -0.09509704 0.0744439 -0.045769043 -0.10155635 -0.19430597 -0.10206278 -0.1940276 0.103541285 -0.1442954
0.36878654 0.19852972 -0.5535289 0.28871146 0.28494096 -0.0518006 -0.18320112 0.21473365 0.22542024 -0.008792873 0.19027562 -0.28081578 0.5578548 0.27168912 0.24797958 0.06933878 -0.45231768 0.23833907 0.533031 -0.02689048 -1.980016 0.29732782 -1.2455771 0.16164537 -0.8214355 -0.22994316 -0.47029424 0.12292419 0.18816489 0.06789081 0.044937115 -1.6768166 0.23300944 0.019679533 0.83885556 0.016848868 -0.17516388 -0.20220117 0.32993063 -0.45673895 0.11840061 0.29365635 0.1735218 0.32367575 -0.09960452 0.16674198 -1.252331 -0.4321411 0.13787019 -0.28819534 -0.19479005 0.6654806 -0.1152593 0.31152362 -0.49638373 0.20498452 -0.020481106 0.3038177 -0.17486721 0.2343907 0.19114366 -0.5541026 -0.18375188 0.3614757 0.33543682 -0.40532747 0.23556657 0.10122564 0.04980184 -1.5067068 -0.106721014 0.19705726 -0.11613608 -0.0027065119 0.30156186 0.5095778 -0.36491826 -0.20331557 -0.7828406 -0.039314866 0.26913002 -0.19573094 0.07224127 -2.2091434 -1.998067 0.2551913 0.019906994 0.011419238 0.36918265 -0.9251945 -1.2547408 -0.58680344 0.78811955 -0.6770959 -0.008267325 -0.4371356 -0.11174012 -0.009202929 0.27614126 -1.5927068 -0.22678491 -1.1240917 0.107258245 0.042173456 0.41504338 0.26680455 -1.0038143 -1.0128193 -0.011962802 0.5846831 -0.06071781 0.11112799 0.09664967 0.6384519 0.029844042 -0.6692891 0.21598998 -0.52837086 0.006659091 -0.35058436 -0.12259642 -0.10638032 -0.030248318 0.36438385 -1.0714164 0.2551257 0.0766087 0.29274285
-0.17116857 -0.4095642 0.29252443 -1.6072292 -0.04672517 0.019936003 -0.06227157 -0.15751855 -0.14351027 -0.5167549 0.058006983 0.1456317 -0.7257471 -0.03961324 -0.4797829 -1.5367625 0.38575467 -0.44532752 -0.4408313 0.12201232 0.56903505 -0.036561474 0.6886292 -0.18088736 -0.069675006 0.11627762 0.5083002 0.06601965 0.078064114 0.15339209 0.025580946 0.6545249 -1.7265426 -0.08078631 -0.13737153 -0.2066762 0.17353234 -0.18766402 0.37864366 0.18330233 -0.20139681 0.22387369 -0.010049633 -1.1967832 -0.16493636 -1.4486804 0.25044304 -0.05418266 0.05587563 0.3679088 -0.16205779 0.053479847 0.051515847 -1.7601705 -0.062146135 -1.6139449 0.18925777 -0.18618013 0.30087233 0.25227782 -1.5483918 0.5318709 -0.04186299 -0.552882 -0.9830875 -0.11855539 0.0893153 -0.5127436 -0.11619849 0.39485994 0.002188201 -0.22080807 -0.0917134 -0.28269613 -0.47036147 0.4729581 0.24004194 0.040375955 0.048539355 -0.08520248 -0.014587024 -0.064716496 0.13125256 0.43405348 0.5118716 -1.9993571 -0.94302607 -1.7783189 0.02402352 -0.07115219 0.6195617 0.65213406 -0.4659577 0.14121561 -0.43445387 0.238402 -1.1636292 -0.328096 -0.16096964 0.433241 0.3600112 0.5401633 -1.172538 -0.10734104 0.05221611 0.116788045 -0.13990721 -0.48195413 -0.27514988 -0.35264617 0.057227507 0.11415211 0.0020114658 -0.7516069 -0.25352034 0.05787089 -1.0686464 0.06021265 -0.049336176 0.23822448 0.39226642 0.030110244 0.37370288 -0.2484261 0.54519147 -0.9012565 0.32977736 -0.064896785
-0.13140267 0.042252984 -0.13841593 -0.21290958 -1.0342453 -1.2103839 0.090314366 0.36826548 -1.4338291 0.15051308 -1.1713238 0.08844736 0.15007424 -0.8956937 0.08674697 0.096163206 0.036398966 0.42102662 -0.021031136 -1.4247307 -0.09000934 0.43367237 0.41324094 -0.0050110123 0.23146516 0.205592 0.055068783 -0.030613082 0.15211241 0.11589307 -1.0637805 0.04485272 -0.019537162 0.22758433 -0.5690347 0.0067525487 0.35981816 0.4188752 -0.37128222 -0.049918607 0.015749093 -1.2603076 0.08723393 -0.0021190594 0.45003253 0.20954148 -0.38819054 0.0763323 -1.6200068 0.16559497 0.5042296 -1.0347227 0.3642481 0.012317214 0.23973122 0.06452601 -1.6716145 -0.83045715 0.05889749 -0.017943088 0.06920788 0.14578953 0.3712843 0.28774974 0.058491994 0.17923117 -1.6417071 0.35501072 -0.27616158 -0.1595149 -0.8150672 -0.069558665 0.017007401 -0.06133743 0.17608269 -0.44411176 -0.15437517 0.3566745 0.3909673 -1.5524384 0.10079669 0.12737067 0.02336602 -0.23495905 0.007076733 0.3577398 0.039695345 0.07302992 0.34501907 0.26509833 -0.1049605 0.12295577 -0.34320614 -0.20106906 0.19071127 -0.33540848 0.08085132 0.13689761 0.10147166 -0.024448263 -0.13319686 0.0798077 0.1434807 0.3701844 -0.37198028 -0.8986361 -0.07073571 0.374289 -0.14894816 -0.3756034 0.33514962 -1.7497296 -1.4162962 -0.00036877915 0.39607567 0.21303774 0.30500975 0.22868465 -1.7860316 0.14306909 0.12809826 -0.5968301 -0.20111722 -0.37566167 0.43182522 0.021944957 -0.3374903 0.30626026
0.46466658 0.0915673 -2.448564 -0.6365593 -0.2667337 -0.15699926 0.16510232 0.13041714 -0.30777225 0.04423983 -0.03194881 0.2082772 0.23601621 0.24249803 -0.1261964 -0.26567847 -2.58358 0.0132096205 -0.039175913 0.19721341 -1.7489922 0.40225974 0.73203194 0.027557096 0.6046998 0.17088544 -1.8993473 -1.9269359 0.22664279 0.4262728 -0.12432297 -3.0682006 -0.05822833 0.29624552 0.07604774 0.1933409 0.23963986 -0.059137363 0.42681557 -1.5650512 0.12648918 -0.1723168 0.049282312 -0.06052923 -5.2903688e-05 -0.043945562 -0.7249018 -0.016988661 -0.32906082 -0.3983267 -1.1950558 -0.4902007 0.053701993 -0.13348368 0.13259089 0.029302973 -0.27783826 0.73678535 -0.15606302 0.85256696 -0.18268305 -1.7221268 0.059923485 0.37941653 -0.25407887 0.13089919 -0.3403926 -0.18702365 -0.26546758 -2.8566458 0.041942783 -0.19900441 0.22966126 -0.004835929 -0.029913424 0.7696386 -2.270138 0.20498577 0.091337085 -0.1867986 -0.33091632 0.1954461 -0.36259028 -1.4812322 -3.6576047 0.51411426 0.0043453667 -0.13722683 5.347707e-05 0.0510896 -3.3488529 -2.9318993 -0.089225926 0.36714828 0.088515066 -2.2413528 0.33411193 -0.09189845 -0.2099577 -2.6305537 -1.9007818 -2.8311453 -0.07650648 0.30128476 0.07128676 0.76934487 0.35173088 0.89112973 -0.07157779 -0.10680769 0.1995453 0.16575454 -0.26358795 0.17825086 0.36240804 0.049489602 0.27229086 -0.10186317 -0.06360444 -1.7288194 -1.6068429 0.2406078 -0.24520282 -0.120348744 -1.5161916 0.020744553 -0.508671 0.42371184
0.35434037 0.05845952 0.2045934 -0.33558953 -0.006851754 -0.24124765 -0.4256834 -0.38008055 0.031901106 0.18651639 -0.13937338 -0.3359058 -0.28526118 -0.31627172 -0.074733704 -0.29448208 0.07384644 0.041459303 0.043565884 0.07899964 0.037208017 0.10883903 0.294124 -0.2057428 -0.13452476 -0.53186905 0.0889264 0.28243208 -0.095863454 0.18841964 -0.16942345 -0.022625232 -0.073671855 -0.11061133 -0.06596025 0.015996723 -0.199165 -0.17962675 0.02436986 0.2539316 -0.385678 0.16843587 -0.33493462 -0.3040052 -0.1079774 -0.31010774 0.10072543 -0.15854013 -0.018469617 -0.021660047 0.038566288 -0.27719885 -0.19412585 -0.07568489 0.009506185 -0.09717957 -0.1807585 0.4395666 0.17059672 0.08146332 -0.16461463 0.19664259 -0.24236615 -0.06710559 -0.37538606 -0.29563335 0.02123229 -0.13264619 -0.16871804 -0.1686009 0.19202086 -0.17261212 -0.3601377 -0.08064989 0.19909331 0.34563056 0.15469174 -0.22361574 -0.30225357 0.18125415 -0.6210892 -0.2595234 -0.43230698 0.15763195 0.06576346 0.15598585 0.046528384 -0.42472804 -0.6622686 -0.0948685 -0.04201063 0.1738234 0.009566554 0.21687378 -0.22806285 0.25962323 0.17972645 -0.70762795 -0.32134178 0.026623912 0.02348463 -0.12618583 -0.03748208 -0.27755284 0.010473198 0.28011674 -0.044356264 -0.29014584 0.0037645479 0.17785968 -0.19636601 -0.07867735 0.035384677 0.09698411 0.1336793 -0.12527512 0.18491301 -0.23511876 0.15854618 0.2520201 0.251603 -0.258855 -0.48496544 -0.008312268 0.063405216 -0.4458487 -0.24232481 0.052063774
-0.11607618 -0.1442624 -0.0074607125 0.031912167 -0.20162523 -0.021175096 -0.16765308 0.03365729 0.05991664 0.04370318 0.12200671 -0.06981254 -0.09823017 0.048517257 -0.015610591 -0.13114181 -0.18193036 -0.09801171 0.030885711 0.03668664 -0.1326696 0.1002332 -0.1768372 -0.10791804 0.034952465 -0.15003961 0.099272825 -0.16849957 0.027295219 -0.032010935 -0.11005087 0.1343385 -0.07836267 0.004666272 0.16299285 -0.24482441 0.12852202 -0.1157587 -0.18736702 0.050188147 -0.08785075 -0.1607542 -0.15515496 0.0668291 0.032501735 -0.068416655 0.062538154 -0.00039364994 -0.1616363 0.021773642 0.08980115 -0.01623957 -0.049826864 0.123009995 -0.078648396 0.11782352 0.13830341 0.0957582 0.025675654 0.021476017 -0.007918803 -0.18150568 -0.07914622 -0.13130833 -0.09481317 -0.10894915 -0.100812614 -0.15749767 -0.17003776 0.024974724 0.16969144 -0.08753792 -0.1263417 -0.12618072 -0.10290394 -0.17657088 0.09924218 0.081890166 0.090831734 -0.13642073 -0.16485453 0.13644351 -0.155774 -0.19148794 -0.17717463 0.021978877 -0.0599188 -0.16644396 0.10791895 -0.12749171 -0.07791953 0.029502217 0.08544911 0.0953949 -0.06839038 0.026711833 -0.042633884 -0.017439032 -0.1495512 0.065338284 -0.016278904 -0.006376099 -0.0516878 0.04186922 -0.22013871 0.08040629 0.13143502 0.07746922 -0.058529083 -0.16826321 -0.1124908 -0.18860157 -0.12473346 0.099625155 -0.03928784 0.15214312 -0.13263144 -0.12035981 -0.16087483 0.03198343 0.03762292 0.057715442 0.1580944 0.082299665 -0.18937345 -0.06309148 0.10712479 0.082754776
0.019906871 -0.12926306 -0.17755334 0.14419024 -0.104043074 0.03319087 -0.026575891 -0.09635099 0.01866369 0.13579316 -0.064551994 0.12131173 0.16143905 -0.034600664 -0.10818977 0.012878637 0.1423567 -0.32240286 0.12672421 -0.049122263 0.051736314 -0.22810061 0.11984129 0.09136218 -0.010449743 0.03671717 -0.033087894 -0.22753927 -0.21391453 0.09515205 -0.14030488 -0.08136455 -0.2619109 -0.20777549 -0.05550272 -0.04733347 -0.13204531 -0.19934274 -0.16380113 -0.045050524 -0.034207687 0.06268078 -0.34357944 -0.30412605 -0.21319634 0.045679294 0.11665662 -0.11668449 -0.11087598 0.09834737 -0.026567668 -0.018535355 -0.09993137 -0.17628056 0.02711097 -0.041093603 -0.20246127 -0.08829245 -0.03194404 0.09467519 -0.0013674161 -0.17019263 0.08184519 -0.17323542 0.09099806 0.11984999 -0.22238925 -0.055379573 0.120173864 0.030108439 -0.18061148 0.11278996 0.105681285 -0.03702933 -0.17122313 0.117188245 0.043752443 -0.28604454 0.11592641 -0.15872905 -0.1867264 -0.15418385 0.04465291 0.10070271 0.014416518 0.18895808 -0.3049268 -0.23922753 -0.21847823 -0.117873095 -0.13683663 -0.13668883 -0.18373363 0.006666057 -0.230233 -0.035555836 -0.0003132041 -0.012572818 -0.17070355 -0.18424115 -0.17999902 0.10295878 -0.117881246 -0.14650203 -0.16832294 -0.039749946 -0.1000882 0.1710317 0.11202087 0.059161402 -0.1582113 0.04567292 -0.015162418 -0.03467913 -0.094963744 -0.15295543 0.07489129 0.0765778 0.038808703 0.046264585 0.070269585 -0.103294306 -0.092479974 -0.234868 0.12705322 -0.083801396 -0.21940915 0.11052798
0.020847285 -0.05095459 0.15815069 -0.09310527 -0.08770649 -0.06068672 0.020248925 -0.13737185 0.038226876 -0.17105296 -0.09528191 -0.10340501 -0.12844534 0.04050095 0.07766117 -0.043224312 -0.053106926 0.0037446632 -0.14328489 -0.16778904 -0.11449994 -0.12815534 0.024931693 0.14267804 0.12613648 -0.108827546 0.09835437 0.15504418 -0.037399407 -0.05764277 -0.16700447 -0.012737789 -0.06848633 0.044608455 -0.16230424 -0.01692864 0.031091265 -0.043975852 -0.027169881 0.16779408 0.07690061 -0.13155432 -0.08003735 0.081551686 0.07701363 -0.14889613 -0.12083076 -0.07310609 -0.0215237 0.010568385 0.043577965 -0.08242307 -0.09870819 0.09900141 -0.13791646 -0.031180449 -0.15855144 -0.13448632 0.06605661 -0.00865612 0.14833622 0.17514761 -0.146544 -0.09441526 0.04019355 -0.02224892 -0.1619133 -0.10525202 -0.0948126 0.018380009 0.07510665 0.108448915 0.14949107 -0.093370736 0.13380063 -0.101361506 -0.1518637 -0.076146476 0.08107104 0.029303228 -0.1537233 0.047572706 -0.0068461653 0.1284214 -0.09989372 -0.14661975 -0.011152836 -0.07086664 -0.030061176 -0.047334176 0.17241669 -0.023169028 -0.17103067 -0.104001686 -0.005587892 0.09972705 0.042760547 -0.17441574 0.025800046 0.12620838 -0.05669531 0.0822253 0.14693177 0.14857908 0.029302638 -0.16960065 -0.15113597 0.13088897 -0.056922585 0.15149319 0.113531426 -0.15854515 0.07984002 -0.14689168 -0.12815386 0.124439515 0.15917659 0.08556687 0.08210147 0.020642092 0.11431751 -0.16575956 0.08672422 0.020886293 -0.053105406 -0.103079304 0.06625818 -0.038530186
0.052234292 0.1253142 0.088106185 0.55199605 -0.009802429 0.29098067 -2.2255394 0.7498939 0.36763704 0.18369322 0.26848322 -2.2820833 -0.43035275 -0.6216174 0.34194317 0.70911276 0.09364868 0.313199 -0.29416615 0.2734038 0.22854313 -0.31626135 0.1568225 0.25005648 -0.093878396 -2.4009976 0.20812258 0.9512451 0.096950635 0.19406793 -0.11774011 -0.6981816 0.112652756 -0.34172213 -0.9152432 0.094235845 -0.37227076 -0.10647141 0.3869579 0.29595757 -1.7018766 -0.056113955 0.34438932 0.21685848 1.9473869 0.35628447 0.16241962 -0.0059997113 0.2512471 -1.3780962 -1.086598 -0.24239698 -0.2648748 0.17488761 0.07174271 0.0071770363 0.30550945 -0.29136908 2.191008 -3.481462 0.33165085 -0.10427842 -0.15523037 0.1144312 0.012834066 -0.24632709 0.3022893 0.22274409 0.1220894 -0.4531846 0.015079359 0.35439575 -2.430758 0.17238663 0.1027247 -3.8595686 0.46636644 1.3844005 0.41903788 0.37829915 0.8825326 0.008395149 -0.21687497 0.029235732 -0.2587465 -3.2330468 0.04904262 0.15629165 0.89141405 0.640134 -0.17738616 0.1300065 -0.20641111 -0.2413376 0.27515766 0.69139725 -2.1228206 -0.030599695 0.87249386 -0.72739255 0.15990742 -0.5588919 0.31657603 -0.54332066 0.3881976 0.1775791 -0.36896968 0.0035325617 0.3416445 -0.31685102 0.24988031 0.03684537 0.36408502 -0.3415733 0.02176071 0.3103908 -2.7383187 0.7645306 0.22865781 -0.20658019 0.07418356 0.14354125 0.5637347 0.5010819 -0.68078744 0.14812712 0.70031554 -0.2221409
-0.18079913 0.08356377 0.10601084 0.004016211 -0.07326389 0.002866249 0.012089486 0.02990437 -0.13073002 0.09219816 -0.010986486 0.010345218 -0.08261451 0.13468592 -0.13196985 -0.057062436 -0.14291678 0.120486476 -0.090258874 -0.01904616 -0.03389605 0.1119002 -0.16118816 -0.11165698 -0.18490872 -0.038365263 -0.17421588 -0.023561852 0.06648328 -0.004456533 -0.0051187174 -0.058328636 -0.11427942 -0.02716436 0.13278772 0.021628002 0.03172324 -0.052913956 0.096566364 0.09534822 0.037879713 0.103346884 0.014532226 -0.01667872 0.066482335 -0.15919638 0.08880983 -0.09208429 -0.099341385 -0.010596602 -0.15601556 -0.11701769 0.14304356 -0.021026112 0.064846404 0.035706516 0.15744893 -0.10439415 -0.090504244 0.148398 -0.13372533 -0.18870935 -0.031056348 0.09995483 0.080696255 -0.11856962 -0.15839347 0.06936986 -0.13784438 0.074858844 -0.057189524 -0.08430669 -0.041218072 0.14165741 -0.094308086 -0.15666066 0.048443254 0.074487515 -0.033938814 0.08556115 -0.06144837 -0.074117884 -0.13443331 -0.11227204 -0.12153202 0.0371929 -0.032434233 0.13262269 -0.07348752 0.102935076 0.12054656 -0.06277586 -0.092084475 0.06613067 -0.16526921 0.095912464 0.12056316 0.001876645 -0.12401994 0.00016478801 0.1054858 0.0013381254 0.037800763 0.085968606 0.078353085 0.016107531 -0.09634561 -0.01056357 -0.08515558 0.07778653 -0.10555886 0.13295873 0.05279365 -0.19866751 -0.07404782 -0.026574114 -0.05731476 -0.00590785 -0.11555824 0.1012085 0.06820958 -0.03317335 -0.06369303 -0.1440869 -0.12365814 -0.09759006 0.14450307 0.011727794
-0.23555575 0.5418788 -0.22460817 0.22513956 -0.21866605 -0.22987938 0.06547698 -0.03972857 -0.6124531 0.36100164 -0.5860703 0.15230384 -0.010945748 -0.9232165 0.18564148 0.4688256 -0.1914485 0.16183342 0.038222924 -0.5256584 -0.126966 0.3443341 1.590571 0.1071664 0.49330926 0.07184702 -0.62036484 -0.3522409 0.2998926 -0.23320086 -0.8965767 -0.3494187 0.07201111 0.124676704 -0.2911193 0.034233883 0.09326584 0.10498898 -0.17982171 -0.34326088 0.085341744 -0.8037807 0.113323316 -0.013603902 0.27677804 -0.058010515 -0.09536561 0.23094887 -0.7338812 0.0078151105 0.38341373 -1.615293 0.030904194 0.07787247 0.06966533 -0.26542246 -0.67385256 -0.24256793 0.04326386 0.19062741 0.019085422 -0.20717189 0.13042691 -0.025012724 -0.22416842 0.15271279 -0.61733264 0.26650858 0.08816498 -0.3604531 -0.23278725 0.25379312 0.013752799 0.15353987 -0.16953085 0.121839836 -0.0841921 0.12382593 0.2290874 -0.61286044 0.2911212 0.016542736 0.11974866 -0.112138525 -0.1780114 0.16068165 0.2365442 0.08266644 -0.0059514553 0.24313945 -0.36585775 -0.4310734 -0.33864316 -0.39494982 -0.11255508 -0.30693278 0.32249725 0.24576417 0.24359456 -0.072031155 -0.45931214 -0.102171406 -0.1863135 0.31245598 -0.11937485 -1.108209 0.07632521 1.1565297 -0.14707051 -0.056848984 -0.12633799 -0.559794 -0.24268004 -0.26222286 0.26350442 0.19002317 0.34253848 0.11942325 -0.8845636 -0.31253985 -0.33388478 0.17530316 -0.6236693 0.19011785 0.09929573 -0.08103451 0.14991444 0.301049
-0.024992924 0.42785648 -0.9144334 0.6019922 0.30344313 0.35756966 -0.24457778 0.21922618 0.4792172 0.45633045 0.48918056 -0.34079134 0.78049946 0.7533704 0.5159623 0.6319999 -0.85890025 0.25974533 0.7834526 0.16719456 -0.03541287 0.19461475 -2.304546 0.49922732 -1.2098818 -0.3299902 -1.1797193 -0.99740225 0.5596341 0.1035873 0.6711192 -0.6872319 0.19094922 -0.77099484 0.78369296 0.2667292 -0.8918208 -0.94166154 0.2240522 -0.8410606 -0.112836525 0.3362758 0.42010882 0.30863646 -0.6517804 0.2690347 -0.14059687 -0.8610126 0.13096316 -0.45715976 -1.2968575 0.9063152 -0.77940905 0.3756997 -0.78240675 0.25755954 0.24582566 -0.20134453 -0.81752735 -0.57456756 0.59403026 -1.0904198 -0.56713617 -0.42821512 0.36262202 -0.87785447 0.22826095 0.16356651 0.4623118 -0.46405622 0.39328694 0.8947363 -0.5095876 0.6073781 0.24763323 -0.54992914 -0.9766722 -0.096589275 -0.7788163 0.3456559 0.8317333 -0.85650736 -0.11183708 -0.57457197 -0.54296035 -0.5683997 0.44185323 0.15147975 0.046299048 -1.1195954 -0.46422675 -0.17165366 0.88383627 -0.10664435 0.32436392 -0.6893268 -0.3295684 0.054850183 0.9791077 -0.5529084 -0.7211723 -0.42499906 0.23313081 -0.14387025 0.09209622 0.07425136 -0.9545329 -1.5881778 0.40184885 0.94312227 0.4804793 0.27842242 0.12428725 0.49776053 -0.7683335 -0.9644804 -0.14826906 -0.7728801 0.2583851 -1.0567871 -0.94691783 0.5657313 0.59231484 0.9652316 -0.44778952 0.28319702 0.59367424 -0.6266396
0.21759383 0.11263749 -0.14003097 0.21427642 0.1149923 -0.13291939 -0.29048836 -0.24550632 -0.05985291 0.104960285 -0.055978455 -0.17943664 -0.122996524 -0.2572972 0.29383257 -0.28071526 -0.2541639 1.0935361 0.0072753835 -0.003343647 0.04937435 0.12228045 1.2333713 -0.14860713 0.18178049 -0.2518083 0.4108232 0.234249 -0.5132911 0.20888 0.013629851 -0.103258245 -0.5952243 0.12533881 0.051913712 0.24555592 -0.12447207 0.2694107 -0.24106501 -0.03579001 -0.021882143 0.2836603 -0.050557397 -0.33622223 0.6852872 -0.9137503 0.035999894 0.052391034 0.06444618 0.2514713 0.5251431 -0.23989232 0.0047728177 -0.43047804 0.24543816 -0.23570389 -0.069201365 0.43006852 -0.031443365 0.09765598 -0.6851107 0.40708318 0.037615594 0.20514627 -1.5067084 -0.06355137 0.114436895 0.3345401 0.059558284 -0.30393755 0.25519234 -0.13652842 -0.20398715 -0.4694726 0.67135054 0.24164805 -0.2664211 0.35774446 0.010581056 -0.011461584 -0.6459673 0.22161199 0.034752384 -0.05773616 -0.18553853 0.35419858 -0.14092407 -0.58686125 -0.17395972 -0.21509509 -0.31758022 -0.26528454 0.15651669 0.100198135 0.10394388 0.04782813 0.2313644 0.76964694 -0.17980936 -0.3289661 -0.12109331 0.04204969 0.35088196 0.21624963 0.40925378 0.068396986 0.21678719 0.42363274 -0.1566408 -0.015189923 -0.3457797 -0.09372475 0.1713578 0.12066573 0.47000155 0.15537448 -0.15783755 -0.07022743 0.10948663 0.37615424 0.70560485 -0.1741115 -0.13811873 -0.20401566 0.2062582 -1.2735902 0.15926346 -0.103871815
-0.28947264 0.8276866 -0.2618565 0.37897363 -0.5316226 -0.24885772 0.27902666 -0.059399225 0.05331577 0.691467 -0.4153784 0.14968702 0.104152665 -0.52491325 -0.07575011 0.42141426 -0.43284285 -0.13708985 -0.02086949 -0.13547243 -0.32331696 0.33750015 2.028532 0.22409761 0.59748423 0.33715105 -1.1390806 -0.48885414 0.15267298 -0.64266455 -0.56435394 -0.13843177 0.23711562 0.1383334 -0.0945328 0.30662867 0.16501229 -0.0656647 -0.7836458 -0.5445132 0.18313067 -1.2268165 0.032217644 -0.15769458 0.15988429 0.16058089 0.22826895 0.08488988 -1.2680836 0.6140443 0.49162248 -1.2244316 0.12627816 -0.09143287 0.24774371 0.09640411 -0.68227047 0.2793434 0.5171048 -0.13192067 0.12856571 -1.390888 0.054450188 -0.28530154 0.43887907 0.063626334 -0.8405778 -0.01306089 0.19578953 -0.5444333 -0.40393472 0.5583542 0.288033 0.5077508 -0.16010709 -0.25945678 -0.29180828 0.1427318 0.51236176 -0.7420574 0.1697266 -0.11687457 0.36651674 -0.38958454 -0.5437908 0.4193798 0.30524057 0.062105883 0.014568494 0.2949467 -0.18923828 -0.17799316 -0.14442551 -0.4236944 -0.123241104 -0.7221815 0.1988651 0.18014823 0.32995242 -0.38322803 -0.16715284 -0.13870305 -0.18973736 0.27937597 -0.63588506 -0.23758465 0.08643822 1.1694571 0.41148135 0.21972068 -0.0115228705 -0.53193045 -0.41017863 -0.038583197 -0.118932396 0.17193997 0.34227717 0.10476348 -0.7083839 -1.3734536 -1.4743605 -0.24092853 -0.6975065 0.5081915 0.31022424 0.17853998 -0.030943071 -0.044458903
0.25279447 0.75516295 0.9636001 0.8525139 0.52236295 -0.059981987 -0.5129336 0.3309873 0.62145007 0.14364138 0.6994821 -0.07453768 0.6341326 0.13290654 -0.5378788 0.5249585 -0.23751824 0.18515038 0.09998275 0.26957202 0.2571048 0.68866354 0.3506448 -0.25504997 1.2358515 -1.097148 0.68609196 -0.9832505 -0.7902607 -0.42208743 -0.6462181 0.99259466 0.38365942 0.3238458 0.9226276 0.120537944 0.7521407 -0.9132033 0.25529245 -0.17656137 -0.29334855 0.4609732 0.265436 -0.121727206 0.34894258 0.30785346 -0.06152488 -0.21401575 0.3422741 0.2008621 -0.6440354 -0.5331502 0.67777574 -1.2234285 -0.106648535 -0.19417125 -0.035104662 0.13772213 0.92038447 0.035739873 0.058459073 0.6437996 -0.46193337 -1.1697071
0.17808658 0.20365934 0.80101645 0.41178352 0.6379165 0.097694434 -0.6896741 0.38187507 0.7013748 -0.24731244 0.7001362 -0.3529815 0.19753094 -0.4000811 -0.4196939 0.68508893 -0.23222695 0.1634853 0.42609313 0.52090865 -0.1671352 0.56038517 0.111204386 -0.23821986 1.1358751 -1.070563 0.39149538 -1.2396588 -0.57834595 -0.27772778 -0.56028485 0.70401585 0.08935651 0.5828942 1.1553993 -0.18272722 0.9271319 -0.44794896 0.020712387 0.22288701 -0.77140296 0.5211278 0.13639505 -0.10023309 0.595132 0.4411935 -0.103859276 -0.4849062 0.5893238 -0.008194664 0.31233943 -0.30870008 0.37677753 -1.0041051 0.24722122 -0.08024938 -0.045783263 -0.035893247 1.2208939 -0.17516041 -0.4445812 0.61057734 -0.30388486 -0.6273882
0.033991672 0.56310797 0.45657474 0.6383316 0.5329819 -0.56053054 -0.18791926 0.3513216 0.4545306 -0.12967692 0.4604112 -0.3250924 0.23774481 -0.47931722 -0.3862464 0.8116201 0.17346923 -0.12203991 0.2369795 0.51505154 0.15909731 0.6785587 -0.0026878929 -0.089434676 0.9421342 -0.6066891 0.13544811 -1.6736876 -0.5162786 -0.45869538 -0.53093886 0.7697678 0.26032054 0.64481807 1.0933307 0.013600942 0.45881873 -0.4751329 -0.20140928 0.08593339 -0.87990516 0.49028987 0.5123632 -0.25568992 0.307012 0.52677816 0.017501771 -0.5769414 0.46284494 -0.2767922 0.27272752 -0.19575286 0.062676415 -0.50294256 0.16648664 -0.11676449 0.27995935 -0.26657867 1.1949314 0.1191029 -0.3983711 0.72145444 -0.36752516 -0.37844145
-0.04641478 0.4435261 0.30750537 0.6826457 0.24286003 -0.92140025 -0.2769054 0.56578845 0.7422966 -0.27046967 0.45623347 -1.1602486 0.30779067 -0.7511656 -0.5040018 0.35319233 -0.15718992 0.1167344 0.5638852 0.6401646 -0.111194156 0.7470387 0.1652081 -0.19767942 1.0846393 -1.1022496 0.54108626 -0.58433646 -0.19623724 0.26352862 -0.23805499 0.5558045 0.113553196 0.4468485 1.8276229 -0.6978538 0.3444455 -0.11529292 0.00607577 0.071409956 -0.76407665 0.7599581 0.49392954 0.047598273 0.49408045 0.29751793 0.21361497 -0.40158364 0.7639654 -0.09545615 -0.15457867 -0.18739532 -0.6584053 -0.9969371 -0.019952111 -0.09463844 0.21968217 -0.29058242 1.12742 -0.02753518 -0.64660627 0.68598557 0.4598678 0.13237303
-0.52512234 0.4464497 0.40511337 0.35906693 0.78668493 -0.9898814 -0.21330898 0.62608874 0.5826221 0.001307483 0.4629454 -0.6785737 0.40885234 -0.6683714 -0.62501675 0.6008377 0.09528418 0.66192156 0.58554995 0.6036079 0.20763578 0.7513215 -0.3040276 0.29233325 0.60940516 -0.6217975 0.26566565 -0.87296134 -0.29004017 -0.59233046 -0.19921847 0.30490446 0.35443696 0.8022299 1.5248579 -0.050158825 0.28609908 -0.1810496 -0.4743292 -0.10972373 -0.9085398 0.42369106 0.64074963 0.03829938 0.7663033 0.45423877 0.10855603 -0.7912355 0.45366165 -0.20086895 0.39670485 0.54694563 0.094215974 -0.17043446 -0.016944908 0.10783881 0.038552295 -0.09828244 1.2744938 -0.21109505 -0.30643365 0.40032396 -0.99474776 -0.39547908
-0.69040644 0.18852526 0.28890476 0.5279415 0.5690382 -1.0304934 -0.7455102 0.7916465 0.7092245 0.12079729 0.6950702 -0.7566483 0.6385851 -0.22254148 -0.6341034 0.72930056 -0.05957657 0.5611389 0.26789904 0.36339554 -0.1572437 0.37293354 0.119695105 -0.12160149 0.42319974 -0.3790649 0.32880518 -1.0437016 -0.40538678 -0.54378915 -0.32478696 0.13640885 0.3298782 0.84738195 1.439225 -0.34706074 0.21187913 0.03287884 -0.40637872 -0.22677225 -0.65775746 0.7440792 0.5771763 0.20915896 0.32696292 0.5312443 0.5092764 -0.89545023 0.27126837 0.031541385 0.65173185 0.34715548 -0.19612563 0.080460586 0.038364705 -0.23121753 -0.2682582 0.24656394 1.1869891 0.076695144 -0.16429827 0.64510113 -0.58315325 -0.57061774
-0.6474561 0.5156627 0.2525591 0.20008975 0.1559608 -0.14399065 -0.28693372 -0.015395187 0.36527985 -0.022068366 0.5319137 -0.69796216 0.64313763 -0.61734635 -0.22511123 0.6999442 -0.026987782 0.8681783 0.61332005 0.59755355 0.29093704 0.54348916 -0.1871177 0.1673252 0.41680378 -0.5524383 -0.104919486 -0.34953725 0.20279358 -0.16626558 0.11723345 0.40376467 1.0697814 0.8260939 1.6002332 -0.48679394 0.07956965 -0.0035855924 -0.6207529 -0.112602 -0.22704221 0.4865502 0.43931782 0.19858477 0.3328727 0.6361278 0.44978973 -0.67784053 0.75604475 0.12412899 0.95791554 0.41492888 -0.62441814 0.056898493 -0.8410087 -0.14883095 0.21120653 -0.28974137 1.3937223 0.22367693 -0.4658182 0.3912135 -0.4022672 -0.25885442
biases
0.4350551 0.02024447 -0.42927822 -0.060715042 0.27987215 0.27543172 -0.09699563 0.016771385 0.24610648 -0.17474525 0.1267646 -0.06875654 0.39956725 -0.10862804 0.23238175 0.000614444 -0.40976313 0.2927787 0.42005876 0.14373009 -0.30878496 0.22758758 0.49312142 0.27628407 -0.03769252 -0.012535743 0.0067368816 -0.3398306 0.2682277 0.26646233 -0.08457825 -0.31657273 0.30043605 -0.28054687 -0.075089574 0.30520332 -0.26029804 -0.5709967 0.062317472 -0.42749834 0.06552766 0.44130385 0.18395655 0.2547157 -0.058633108 0.2361756 -0.18693927 -0.61786413 0.42448157 0.063402034 -0.40738595 0.0009071917 -0.31360498 0.2402464 -0.42945796 0.30943882 0.22423702 0.33607697 -0.12053111 0.0944979 0.31981045 0.006927786 -0.40617844 -0.07861891 0.4223245 -0.30772728 0.27627596 0.19815747 0.25498107 -0.38791612 -0.078670986 -0.14604641 0.08022234 0.3097627 0.28425455 0.18272832 -0.48296198 -0.1832608 -0.44820672 0.28301933 -0.18659976 -0.5892173 0.063567586 -0.4330817 -0.3547 0.14178234 0.10303362 0.33608708 0.078353345 -0.55290616 -0.38896468 -0.32605204 -0.08694469 0.14025404 0.20349188 -0.35673672 -0.014654127 0.3486607 -0.18389294 -0.335448 -0.50316423 -0.4257522 0.21392117 0.18258828 0.09384894 0.3311729 -0.14329268 0.018647512 0.25824368 -0.15404114 0.21020012 0.27509612 0.21006463 0.3187471 -0.07896798 -0.38521156 0.062646896 -0.3327975 0.38981515 -0.108470656 0.017690798 -0.06448803 -0.016391167 -0.25457507 -0.4462239 0.36618826 -0.21198955 -0.38649604
0.15626103 0.26842174 0.26022926 0.23666658 0.2249857 0.14651904 -0.005191966 -0.076993525 0.26279917 -0.008785358 0.3222934 0.041597437 0.30455577 -0.0007024777 -0.0058317618 0.33369473 -0.033831097 -0.2730001 0.15392385 0.19500381 -0.023472182 0.26565745 0.11049658 -0.020302122 0.3565682 0.15618315 0.10358779 0.20765498 0.12427856 0.0040664305 0.13707174 0.26682988 0.09867604 0.29671103 0.35836023 -0.25548252 0.026948655 0.09543326 0.27783784 -0.031601585 0.061924737 0.2489084 0.24129242 -0.03770926 0.12961231 0.25263202 0.10894171 0.28188062 0.22360043 -0.025884312 0.39117882 -0.39481097 -0.10670195 0.060555544 0.13065822 -0.037392564 0.011310923 0.01 -0.24245363 -0.010391626 -0.060263406 0.2712888 0.26890516 0.007978696
0.26356468 0.12270505 0.13078813 0.13885295 -0.06296328 0.09510742 0.16931078
