network_architecture
9
128
64
32
27
weights
0.20075054 -0.124578275 -0.041399978 0.0035222622 -0.047383312 0.17364329 1.1568487 0.070547484 -0.0023725908
-0.16337602 0.12915696 -0.38236913 0.07972313 0.18795055 -0.3756945 0.03376976 0.20737828 -0.375841
0.19228156 0.054215718 -0.12939194 0.07110631 -0.102074005 -0.1790683 -0.6474566 -0.26754156 -0.18988805
0.20858884 -0.17437574 0.05031478 -0.12366269 -0.045157336 0.08665199 0.37269008 0.39202446 0.12489476
0.020230874 -0.07943597 0.08186177 0.021159584 0.22798473 0.14568453 -0.80005926 -0.40111548 0.021889256
0.05073573 -0.18896301 -0.0634278 -0.06937991 0.19056614 -0.03131435 0.43758413 0.018747984 0.08537842
0.18810247 -0.20253827 -0.11463664 -0.12893572 0.1939287 0.029101359 -0.27706608 -0.26081604 0.09438579
0.13573217 -0.08643725 -0.15105096 -0.025406426 0.04553928 -0.20637825 -0.008183397 0.13885652 0.127055
-0.25532544 0.41155338 0.048110306 -0.08955299 0.024951318 -0.01710409 0.78001374 0.1974674 0.03797676
-0.13881543 0.1987586 0.047236167 -0.096841566 0.061565742 -0.047005966 -0.8414191 -0.081212506 0.033479255
-0.18736319 0.17151089 0.24649647 -0.29651403 -0.32402313 -0.14399907 0.20611484 0.06290976 -0.010087691
-0.062685795 0.023472732 0.11646203 0.123623215 -0.268063 -0.1326127 -0.5669167 -0.12035946 -0.11697053
0.23622644 0.056394555 0.1500928 -0.21644047 -0.06627485 0.0041918783 -0.048106972 -0.15011875 0.15107396
0.2067845 0.16086158 0.31030017 -0.21172632 -0.064522505 0.035963528 0.62718344 -0.05437371 -0.08396868
0.15002808 0.13989703 -0.004037958 0.0643326 0.017394807 -0.10298454 0.14009441 -0.02584874 -0.14646764
0.07748431 -0.059004996 0.22033355 0.004538623 -0.35599902 -0.13516836 0.52893245 -0.2086669 0.049139015
-0.042499103 0.015745522 0.051281948 0.026791656 0.10257161 -0.04240283 -0.86675185 -0.08775135 0.10185753
0.1019601 0.08984695 0.047267795 0.160797 0.0911655 -0.10420119 -0.6907975 -0.07022001 -0.091445856
-0.6891232 0.16010867 0.00043875485 -0.7055471 -0.8320415 -0.25668925 -0.5089513 -0.29523346 0.033100385
-0.026907 -0.08863885 -0.07549735 0.20511387 -0.03072015 -0.2554988 -0.22602947 -0.0023625593 -0.18714237
-0.06801664 0.052855015 -0.3597777 0.13554473 0.07925311 -0.027769204 -0.7490075 -0.26025394 0.0123437885
0.0840748 0.036878433 0.07710557 0.080731355 0.14766237 0.08844069 0.3658185 0.18511604 0.058625057
-0.08759984 0.3209096 0.0020165048 0.0272512 0.027356718 0.3264738 0.114665516 0.83861935 -0.03391767
-0.12435419 -0.10879346 0.2339919 0.0224471 -0.009723835 -0.09477472 -0.024404014 -0.2940399 -0.11330148
-0.45306876 0.16883095 -0.006438564 -0.6907297 -0.41837573 -0.31552556 0.573976 0.21249934 -0.1188767
-0.05255854 0.13455614 -0.11531293 0.1751032 0.18173504 -0.15652005 0.0038312278 -0.046326328 0.29967788
0.057317626 0.023966283 -0.075851195 0.004441455 -0.077887066 -0.09180085 -0.63801366 -0.15406531 -0.0100788325
-0.034289204 -0.0016301752 0.016864257 0.15394148 0.19588974 0.26422927 0.4248009 0.5141795 -0.0047484413
0.0016946506 0.056588203 0.007289243 0.0898157 -0.0583024 0.038295176 -0.5869617 -0.56929636 0.18271406
0.09939351 0.09603028 0.15375568 -0.1663964 0.069446385 0.076457664 -0.66076756 -0.2275072 0.028600808
0.015342271 0.11409623 -0.090563335 0.037341688 -0.085914575 0.13060145 -0.7094371 -0.35969663 -0.072901495
0.067548215 0.22067294 0.06834034 -0.05917984 -0.09963217 0.04619194 0.12982926 -0.010236959 -0.07491921
-0.01904747 0.13201635 -0.23409508 0.0018229326 0.09563439 -0.368818 0.205399 0.13973568 0.38303623
-0.109450534 0.07901104 -0.09496166 0.09415659 0.1036749 -0.2493688 -0.39322782 0.23137513 -0.06739144
-0.13018264 -0.021916788 0.21430585 -0.17495653 0.026899168 0.09125741 0.015844904 -0.10843449 -0.09938621
-0.429519 0.40137115 -0.03133685 0.0055261133 -0.0042950655 -0.13215306 0.9322511 0.6273271 0.046557553
0.1835759 0.010211141 -0.030623782 -0.04016621 -0.042990558 -0.24955234 -0.6108666 -0.09090902 0.10780906
-0.2265158 -0.15542635 -0.2356477 -0.375444 0.14830717 -0.30093133 -0.39054433 -0.36239696 0.19844516
0.06231396 -0.024539957 0.3257863 -0.0067007355 -0.10350755 -0.09591819 0.3689727 -0.038946427 -0.08832324
-0.033240147 -0.08743739 0.14115117 -0.13264884 0.14763749 -0.030686371 0.1607689 0.042697232 0.1737372
-0.04060906 -0.19499421 -0.12257198 0.12334721 -0.058303285 -0.06503345 0.4991942 0.116133735 0.004546589
-0.013531631 0.15516466 0.02619532 -0.13289872 0.11282084 0.040688056 -0.13826649 0.078397945 -0.20174173
-0.03184101 -0.08889486 0.14375667 -0.026738571 0.15508378 -0.19266413 0.31474298 -0.15307994 -0.061489012
0.22847442 -0.049713913 -0.09554352 0.09057611 -0.12538306 -0.041576948 -0.1679981 0.027318625 -0.12872282
-0.5818584 -0.14990672 0.019277684 0.04572851 0.056548096 -0.16591698 0.7325842 0.5910914 0.035165977
0.07405649 0.27491677 0.12746213 0.16184947 0.048733372 -0.06452164 0.00507159 -0.04728851 0.18953101
0.18756336 -0.010893987 -0.1426558 0.03316676 0.013937407 -0.025437044 0.5972544 0.17614211 0.051341888
-0.13906662 -0.073868394 -0.03963224 -0.001923806 -0.03008141 0.27347887 -0.60026824 -0.41880533 -0.2998984
0.21300308 -0.015432363 -0.09433703 0.1647826 0.20078698 0.04517048 0.32946828 -0.0748026 -0.15349838
0.1649669 -0.06677594 0.09029014 0.14163446 -0.015633719 -0.15930726 0.6489325 0.025067898 -0.05336211
0.13342915 -0.07213241 -0.107967936 0.03375931 -0.088903464 -0.13324708 -0.6268129 -0.12281325 0.0043200245
0.0529253 0.01644632 0.09309409 0.06175864 0.14197762 -0.036077015 -0.42683086 -0.34370068 -0.06062181
-0.07984385 0.0516675 0.164141 0.1576873 0.17957406 -0.04127117 0.22819923 0.06466597 0.15038113
-0.05061816 0.1721427 0.11081977 0.006795493 -0.056056507 0.020892791 -0.20759465 -0.06898298 -0.30483672
-0.11547607 0.13998665 -0.38603812 0.09343705 -0.13007969 -0.101363525 0.24798064 0.002587824 -0.01218004
0.07925922 0.007623971 -0.029812843 -0.08571047 0.0059517 -0.14283434 0.13464645 0.024587784 0.12890245
0.02606724 0.06672562 -0.09291025 -0.060496535 -0.04359556 0.058221627 -0.23878239 0.11281278 -0.122944705
0.009161405 0.23975487 -0.02807552 0.1161432 -0.021116741 0.044245824 -0.12408301 -0.13309829 -0.1388765
0.21479927 0.041689392 -0.06710875 -0.0439156 -0.067102745 -0.16704871 0.043987457 -0.20615228 0.02707029
0.21607807 0.15377499 0.1615073 0.0011427279 -0.054728433 0.06747081 0.598655 0.25982088 0.19896458
-0.11889183 -0.24348684 -0.037691202 0.06138046 0.14085321 -0.13025501 -0.09890561 0.11989647 0.013612665
0.04574006 -0.17272738 -0.016986405 0.09802838 0.2101042 -0.056959342 -0.044191398 0.029746637 -0.11416745
0.09098688 -0.06379208 -0.053704653 -0.047383256 0.1899885 -0.19051258 -0.28678942 -0.11854324 0.17863779
0.00871476 0.068668045 0.033699036 0.097042665 -0.0102047445 0.03857401 -0.78483367 -0.36870655 -0.17754625
-0.14126214 -0.012553198 -0.17064692 0.08849093 0.1597832 0.005659556 0.26096946 -0.08571833 -0.07682295
-0.3188996 -0.11147529 0.055165745 -0.0068109045 0.05253445 -0.01592495 -0.7904665 -0.6864002 0.05420655
-0.039817885 0.21018058 0.11978382 0.11517426 0.16530345 -0.17361574 -0.42671007 0.08068267 0.1293902
0.07343181 -0.22194321 0.09711352 0.12665148 0.055621155 -0.10458525 -0.33685404 -0.13157947 0.02918229
0.18118086 0.051333368 0.28829402 0.14223938 -0.018453412 -0.20720899 -0.20165972 -0.017150205 -0.16482697
0.09664482 -0.14057131 -0.1865718 -0.14279746 -0.33349934 0.03589186 0.09464606 0.2711647 0.46815395
-0.036678486 -0.04701835 -0.05478657 0.1356642 0.10100978 -0.06703769 0.42775157 -0.0045506926 -0.045525156
0.02436339 -0.22896664 0.33176902 0.015705517 0.28548282 -0.20422134 0.10701435 0.1806315 -0.069555245
-0.072435476 0.19063263 0.18532524 0.027791461 0.08161489 -0.010710463 -0.24296069 -0.12978719 0.053924646
0.023717076 0.10251791 -0.108477294 0.04933263 -0.06665369 -0.21263658 -0.7557049 0.12636745 0.0024886564
-0.13844779 0.09276559 -0.05192496 0.1605902 0.22731724 -0.13337012 -0.40311387 -0.16234918 -0.035897702
-0.0650583 0.13923535 -0.06413 0.08906993 0.10701234 0.00034508522 0.20291434 0.25851676 0.14342678
0.11345871 -0.3051044 -0.011223586 -0.021965377 0.16480039 0.014571129 0.39100704 0.2569918 -0.026073854
0.1160379 0.3768892 0.18165785 0.060353562 0.06351471 -0.064830445 0.5621936 -0.06809977 0.3933684
0.104592375 0.11597929 -0.2457196 -0.12759168 0.022009296 -0.1204286 -0.10615011 0.108409375 -0.13177907
0.23230831 -0.18367222 0.036553156 -0.14232501 0.042661086 0.13628294 -0.1474129 -0.02940125 -0.061766926
0.054052975 -0.05032259 0.083777614 -0.009307891 0.060921535 -0.12984875 -0.8600788 -0.3425479 -0.024824485
0.10770948 -0.28215685 0.10205947 -0.024904236 0.22282557 0.1464174 -0.79711545 -0.04385723 0.038285736
0.014169555 -0.055662498 -0.042902377 -0.021903222 -0.0328067 0.053746194 -0.8007322 0.022070888 -0.031633005
-0.08827194 -0.012774479 -0.21297963 -0.07992859 -0.19265984 -0.25556606 -0.13405614 -0.15430199 -0.06247431
0.13431033 0.004388714 -0.21483277 -0.07945462 0.04134699 0.037641242 0.3228158 0.08130284 0.14421697
-0.0453271 -0.13765602 -0.05034044 0.048816245 0.15664533 -0.14643963 -0.46028575 -0.15177879 0.036735673
-0.09589529 -0.07297147 -0.20612083 0.05358031 0.034064766 -0.20003211 -0.10455753 0.021935888 -0.057337504
-0.1069454 -0.15058258 -0.21766035 0.020967487 -0.0148296645 -0.03141325 0.21478017 0.107094705 0.21891569
0.014709133 0.058386073 0.14660653 -0.033551008 0.014435293 -0.20936446 0.1563149 0.15632693 0.21636863
0.015713798 0.07037273 0.27689466 -0.03271843 -0.14095248 -0.05186579 -0.30754596 -0.03309333 0.076860905
0.09636303 0.092353076 -0.18947743 -0.14242211 0.23212254 -0.05849537 0.58989507 0.22412819 0.029296169
-0.49127218 0.286789 0.12707682 -0.009018717 0.10408726 0.113217376 0.96801895 0.7133823 0.008546079
-0.19098273 0.43033773 0.28916365 -0.107751384 -0.0777686 -0.0676858 -0.05176643 -0.11327591 -0.004580904
-0.08008445 0.097797275 -0.12229995 0.046325672 0.076909415 -0.12166983 0.45322168 0.17383546 -0.07340977
0.25743064 0.06731887 0.20056704 -0.17415442 0.036050957 -0.22358263 0.3107451 0.15391254 -0.15897645
0.14049962 -0.019497283 -0.11396177 -0.0029706901 -0.09712835 -0.10246745 0.13086161 0.051014494 -0.16587831
0.196073 0.074398905 -0.18198125 -0.11651491 -0.005506137 -0.15089001 -0.18043718 0.10136936 0.04734063
-0.050104268 0.018350681 0.1894788 -0.113083065 -0.051273115 -0.029527016 -0.06881213 -0.024235375 0.20660041
0.0811146 0.11825576 -0.08638461 0.05911489 0.18490495 -0.22126862 -0.5846401 -0.15829755 0.13186604
-0.042943336 0.50339717 -0.06428775 -0.055104613 0.04522274 -0.15107958 -0.77434766 -0.5990565 -0.14919426
-0.08579828 0.03632683 0.29277644 -0.034202177 0.026116995 -0.19372468 -0.3156917 -0.08317128 0.066005565
-0.014655817 -0.046615276 -0.1321802 0.118730955 -0.08698538 -0.06582769 -0.5709581 -0.25505683 -0.002777437
0.27349553 0.9002945 0.035420526 -0.042252004 -0.0052318405 0.07191092 0.018498946 0.2401465 -0.0071413014
-0.1325319 -0.087358154 -0.15298797 0.18275237 0.062285285 -0.09437745 0.46711433 0.02247957 -0.019474424
0.107698694 0.10735269 0.24396773 -0.015313028 -0.2382853 0.033964124 -0.4826621 0.008426593 -0.007778147
0.029232576 0.09199031 0.27934712 0.050668854 -0.15326974 0.027857408 0.43620878 -0.0061287493 0.12224529
-0.16933337 -0.17056821 0.1299854 0.18082044 0.12637305 -0.18765189 0.17054766 0.066238225 -0.25388977
-0.017892616 0.12238628 0.10832024 -0.019469753 0.13650788 -0.014897092 0.78768957 -0.1503879 -0.011884034
0.049880918 0.049611874 0.08318586 0.16372319 -0.08160294 0.101212814 0.20657375 0.21755761 0.0017406227
-0.058910333 0.07157781 0.08421635 0.09725302 0.18373072 -0.20147395 0.6834396 0.02432478 -0.18010488
0.23017208 -0.077278055 0.042459477 0.0075152717 -0.08237094 0.0843076 0.3066525 0.3120976 -0.041979514
-0.0919459 0.046659324 -0.06577202 -0.016205002 -0.15127994 0.14087239 -0.31497267 -0.057457596 0.0053659673
0.033723656 0.32514516 -0.2290965 0.030492853 -0.15008005 0.05232348 -0.30384395 0.15565844 -0.13630344
-0.1915665 -0.15443377 -0.31866586 0.14902459 0.18641181 0.050434887 0.8134368 0.3704246 0.0037917872
-0.13291867 0.1431115 0.013363084 0.1351449 0.16345142 -0.35160044 -0.2862821 0.012075174 0.27371195
0.16294686 0.036095444 0.16799136 0.103821814 0.016718868 -0.084881425 -0.44174603 -0.070760354 0.030034993
-0.0575318 0.22134095 0.3423088 -0.11361656 -0.20681633 -0.15970728 0.2132818 -0.26863366 -0.015088522
0.1951646 -0.22340621 -0.06191217 -0.06261266 0.11243218 -0.14049038 0.2213608 -0.05857861 0.112545006
-0.025300879 0.2610029 -0.26428258 0.088752896 0.18787187 -0.28815213 -0.039540958 0.11364142 -0.24878518
0.24578525 -0.10324571 0.026493145 -0.026905257 0.050766766 0.13028152 -0.89756715 -0.30921283 -0.01930289
0.025044871 0.061837576 -0.14937283 -0.17179972 -0.009480486 -0.22017014 -0.016685423 -0.03782301 -0.23541959
-0.053780425 0.13495436 0.30772227 -0.08136054 0.086597115 -0.04906569 -0.10706629 -0.002030586 -0.2028202
0.0070768744 0.13987902 -0.18882453 0.13331036 0.12892358 -0.025968349 0.06738982 -0.03221755 -0.06775859
-0.1339901 0.15328869 -0.19968036 0.054209806 -0.2655481 0.29023513 -0.69950277 -0.4968035 -0.21743023
0.27647918 -0.12409588 0.08094711 0.05535837 0.026773175 0.032301486 -0.6671237 -0.4248447 0.08230302
-0.07215153 -0.2843963 0.112633154 -0.028518487 -0.07234994 0.14388923 0.49587584 0.10974371 -0.046127174
0.22554871 -0.10830821 0.054648757 0.06313663 -0.06618683 -0.14623566 -0.16276288 -0.23993836 0.21305291
0.07221112 0.028061757 0.043242678 -0.016523052 0.06331594 0.041188534 -0.70594776 -0.1517555 0.04103805
-0.5831108 -0.114298366 0.15657754 0.05183977 0.38471183 0.0063399966 0.25478867 -0.081972405 -1.1763091 0.64391935 0.47647136 0.004208032 0.24287774 -0.12499933 -0.08910947 -0.17141013 0.26156598 0.24223235 0.633226 0.16386035 0.76955694 -0.1660282 -0.38790733 0.14795476 -1.4428993 -0.15680276 0.36353123 -0.12927134 0.41388753 0.32726955 0.2933484 0.040769935 -0.030034402 0.07694431 -0.03972059 -1.0499277 0.38896602 0.19801527 0.026833856 -0.089080594 0.014295108 -0.14567758 -0.15840141 0.10408505 -0.6395351 0.014276171 -0.089215234 0.1447247 -0.11393451 0.05780226 0.2833355 0.21282092 -0.18755245 0.16960825 0.13442649 -0.056070063 0.27620938 0.17441824 -0.10855433 -0.1764694 0.18132699 -0.029689241 0.2793352 0.26785368 -0.05930096 0.46003607 0.06765485 0.26601148 0.1831795 0.23995395 -0.13259216 0.2204606 -0.090340026 0.21596554 0.15390803 0.07436144 -0.1420549 0.078348644 0.27093238 0.03528369 0.26209882 0.57415485 0.22098467 -0.11982675 -0.016001185 0.25501603 -0.07782369 -0.15870358 -0.24647783 -0.004578005 -0.09841474 -1.2288926 0.10849185 -0.31308848 -0.2747289 0.1323201 0.04559955 0.16940363 0.12027053 0.85828596 0.20274273 0.15360914 -0.12053648 0.0028177074 0.036226187 -0.07750874 -0.12545271 -0.4153849 0.07771795 -0.24084346 -0.12819286 0.16018797 0.26270074 -0.24048533 -0.071466796 0.20126909 0.30713144 -0.12908165 0.025330026 0.27738023 0.3144704 0.21322921 0.11958645 0.6851582 0.32806835 -0.24785872 0.20791239 0.08645998
0.023883732 0.23268025 0.23756213 0.074881 -0.27122146 0.11857648 0.1267444 0.3347835 -0.64972633 -0.43292525 -0.40157497 0.24454872 0.12434454 0.23786284 -0.024407402 -0.001963795 0.29238942 0.1494586 -0.27213505 0.19882864 -0.63412327 -0.057994537 -0.120785564 0.04539497 -0.3804665 -0.02394039 0.08362332 -0.20036027 -0.31619984 0.31668615 0.16097566 0.20259894 0.0966386 0.14123733 0.30417836 -0.79266655 0.4103263 0.038188998 0.005998873 -0.0035896883 -0.08254502 0.19130842 0.066898845 -0.014691879 -0.54657 -0.036949024 -0.06521269 -0.36428872 0.21184964 0.0904776 0.09527277 0.052058343 0.23462124 -0.051327784 0.19276197 0.20571737 -0.021867517 0.1908559 0.32056338 0.22326611 0.21968561 0.09737347 0.24096172 -0.058039624 0.25122827 -0.5131256 0.24762273 -0.0035284827 -0.024060441 0.04101392 0.19906636 -0.04018174 0.1499778 0.09952981 0.10328261 0.2538059 0.22146174 0.09432823 0.1699647 0.2434486 0.23386239 -0.3045975 -0.03449878 0.17682022 0.13050981 0.076870434 0.29404277 0.046587016 0.40834677 0.12519388 -0.086664654 -0.87843055 0.10483892 0.22553201 0.2807244 0.325359 0.22640118 0.13241884 0.07962133 -0.61347246 0.19425686 0.30408904 -0.47677863 0.0669285 0.23675928 0.2526452 0.055347096 0.119211 0.21536021 0.25785768 -0.034803346 0.030392159 0.02742994 -0.23855716 0.008967266 0.026290331 0.088469215 0.0866552 0.1686024 0.19640914 0.1945043 0.19431059 -0.056068957 -0.532154 -0.44835746 0.05052989 0.29093128 0.06976248
0.20722541 0.17923523 -0.03855522 0.1822687 -0.45695773 -0.09674027 0.13104114 0.072889864 -0.7227524 -0.77420044 -0.29943624 0.047627196 0.30592105 0.052227195 0.24675547 0.097830646 0.28747863 0.14181682 -0.48967296 0.2102785 -0.49981397 -0.102747284 -0.43420938 0.10767951 -0.25106466 0.20198256 0.12546842 -0.28310314 -0.19704714 0.13178737 0.11850264 0.2703255 0.1961363 0.2882555 0.30730924 -0.66863817 0.3530865 0.045482587 -0.07382707 0.23468484 0.097410515 0.07515815 0.29545942 0.24042685 -0.5419854 0.14629252 -0.036173854 -0.3133898 0.072628535 0.030654738 0.053343546 0.1406549 0.026325377 0.17434585 0.3453859 0.24400641 0.15100035 0.22836243 0.14968252 0.098783754 -0.06427744 -0.009672877 0.11032666 0.22973855 0.14860289 -0.58496356 0.04251975 0.13491802 0.034482617 -0.06929915 0.118971065 -0.0052004396 0.20780608 0.27610016 0.056278907 0.053316552 0.081805885 0.20385708 0.14139208 0.033870634 0.19330034 -0.44719186 -0.03191407 0.016438559 0.061228223 0.2609154 0.084455915 0.23403838 0.14876924 0.22412553 -0.29872468 -0.91253775 0.32555315 0.1619701 0.07607023 0.14528617 0.16659139 0.20413606 0.28698784 -0.6983424 0.32503185 0.19737391 -0.64156073 0.009292431 0.1665282 -0.048672862 0.21496944 0.010587777 0.11728589 0.14271753 0.02618166 -0.03289852 0.08137372 -0.5143315 0.03395766 0.12232471 0.11229605 0.21202989 -0.1251799 -0.08874501 0.22686163 0.079571046 0.16556917 -0.44558355 -0.44384274 0.25659698 0.100263484 -0.058751117
0.031555038 0.17670369 0.26234496 0.23975293 -0.3452769 0.16877988 0.23821227 0.10520153 -0.21379296 -0.51312345 -0.24648269 0.22056471 0.26123962 0.055401076 0.19008173 0.3015987 0.059850223 0.14507775 -0.4626246 0.19953528 -0.43360263 0.22474998 0.20349185 -0.06255428 -0.04250584 -0.062583506 0.03101867 -0.1660657 -0.062136408 0.21106964 0.02151022 0.24890964 0.27049482 0.14477482 0.28840226 -0.30358425 0.062473148 0.21916233 -0.027225014 -0.011583111 0.09278991 0.14564633 0.2021613 0.10455282 -0.43029663 0.14486332 -0.032637563 -0.32498455 -0.034821387 0.15849803 0.29498485 -0.063878946 0.08921967 0.16597079 0.37024686 0.25796944 0.22023693 0.21981761 0.12847686 0.24075803 0.108923025 -0.087315105 0.2393943 0.16865566 0.24648082 -0.18886842 0.13911724 0.09838759 -5.9222926e-05 -0.14258671 0.10603939 -0.25273335 0.0077194497 0.20274435 0.079648286 0.0036477023 0.18991236 0.08034648 0.32579556 -0.01460228 0.14854015 -0.34786224 0.18699649 0.14403343 0.062453978 0.148558 0.11144587 0.27757254 0.11300099 0.17248124 -0.07723207 -0.59741163 -0.1443905 0.26634312 0.2113879 0.29077145 0.25472242 0.03281902 0.15354078 -0.41097888 0.27240452 0.0928937 -0.10129424 -0.046270262 0.12882994 0.2224589 -0.14604567 0.25853816 0.20128553 0.2892774 0.19557184 0.025460113 0.30336738 -0.21689022 -0.10237448 -0.11943472 -0.19105928 0.2704758 0.3227609 0.22012337 -0.13245814 0.239802 0.19811688 -0.086911805 -0.46733624 0.19878632 0.039086673 0.16935058
-0.16219401 -0.03450785 -0.11974746 -0.08303149 -0.026705451 -0.08427639 0.050586816 0.14041878 0.033554178 -0.077967055 -0.039434444 -0.0638012 -0.017994083 -0.026557427 0.093162626 -0.0012231884 -0.18066944 -0.07534899 -0.08563411 0.05333337 0.15797675 0.12545529 0.03298834 -0.12288679 -0.011334765 0.0045841658 -0.019067489 0.08488752 0.07886479 -0.08201842 -0.09874472 -0.008300759 0.00862923 -0.004733097 -0.19318411 -0.1647342 0.12743664 0.1659919 -0.165734 -0.14661707 -0.04030603 -0.10233026 -0.17738698 0.040204953 -0.12761849 0.03874979 -0.1349609 -0.018260902 -0.070487276 -0.046534285 -0.10097593 -0.16015415 0.12607324 -0.019362295 -0.106413774 0.130902 0.016356895 -0.05435001 0.0068177907 -0.036149044 0.026295345 0.13504732 0.040192056 0.11581368 0.082783915 -0.08216567 -0.027541528 -0.051150262 0.1629491 -0.09348361 0.11274467 -0.061778896 0.12933342 0.06640583 0.08579661 -0.1546479 -0.027267309 0.14500153 -0.15159164 -0.06851372 -0.182374 -0.16661592 0.123747654 -0.10437886 -0.009672528 -0.16289262 -0.14068037 0.13411872 -0.0025948137 -0.07075457 -0.050649375 0.16100545 0.11484671 0.11805669 0.13622984 -0.006493763 0.0032438957 -0.015827304 -0.09339111 -0.15802003 0.13763914 0.13068178 -0.014673079 -0.07501843 0.13475865 -0.09744999 -0.01754596 -0.06708342 -0.12054095 -0.1441905 0.15029833 0.11935804 0.083745174 -0.07357375 -0.08084419 0.08522009 0.11726179 0.14759669 0.07668936 -0.08518132 -0.07738806 0.1660281 -0.1362466 -0.15820888 -0.02610245 -0.044696614 0.06299184 -0.14759633
-1.4904518 -0.6550279 0.18256605 -0.2529699 0.18131712 -0.46541446 0.046036433 -0.067329355 -0.3776206 0.3928532 0.023271529 0.06482935 -0.2541353 -0.4751086 0.005524624 -0.59863627 -0.12326243 0.059223738 0.64877886 -0.022357812 0.5170438 -0.03872446 0.4049899 -0.3035707 -0.4468079 -0.3911798 0.18876755 -0.057503376 0.27587026 -0.12578619 0.045343727 -0.15322658 -0.47646233 -0.17873907 -0.07246368 -0.25479987 -0.0164582 -0.07037657 -0.20735545 -0.25264862 -0.40443078 0.03856739 -0.47950703 -0.17111358 -0.048098356 0.01335487 -0.22086373 0.5646828 -0.17737255 -0.20640953 0.12259236 0.17147003 -0.28541845 0.07199576 -0.571744 -0.3927408 0.07682625 0.13950866 -0.05240524 -0.27810863 -0.28086796 -0.02493761 -0.17659457 0.21973181 -0.17474748 0.46277675 -0.025217874 -0.06992582 -0.073147476 -0.7587522 -0.29935303 -0.38106862 -0.006392566 0.100000136 -0.15604204 -0.30514902 -0.49701533 -0.39915293 -0.15123028 0.0789784 -0.10314275 0.28849116 0.21487409 -1.600731 -0.12165869 -0.10911422 0.01687383 -0.5065367 -0.45777467 -0.14377473 0.47825333 -0.17200518 -0.76499873 -0.2578568 -0.3107429 -0.30167753 -0.19687667 -0.14383501 0.13540633 0.5209094 0.0983369 -0.027897155 0.22417966 -0.20181817 0.2443823 -0.071929894 -0.409793 -0.5585234 -0.2017256 -0.52622724 -0.31034723 0.14598879 0.14259969 0.17668092 -0.64674985 -0.12619144 -0.33499825 -0.5011853 -0.2507125 0.056314964 -0.20062685 -0.015046806 -0.1688466 0.51270056 0.29712555 -0.51823616 -0.1927242 -0.032397304
-1.9378332 -0.018566698 0.025277639 -0.16878721 0.53830135 -0.18663315 0.064861275 0.07853648 0.07100472 0.5199366 -0.05061525 0.17810762 -0.068890005 -0.6595322 -0.1605416 -0.25774565 0.09845519 0.19617206 0.5700286 -0.012220241 0.8090683 -0.2763664 -0.018231409 0.19075108 -0.29891747 0.10058994 0.3166001 -0.49815586 0.63753 0.17014429 0.29247275 -0.10434585 -0.38496557 0.008585753 0.050319176 -0.15615773 0.20214717 0.24139918 0.11562438 -0.30491525 -0.36894935 0.06954931 -0.4176417 -0.047270708 -0.13761692 0.048568934 -0.53894067 0.6118279 -0.21163568 -0.3218845 0.31398442 -0.004585888 0.0015240521 0.12501293 0.00034385815 -0.058176894 0.14005989 0.060233314 -0.0397804 -0.46232158 -0.14250095 0.081888236 -0.011194262 0.04810624 -0.12941031 0.5812049 0.18890946 0.2137086 -0.13085632 -0.46880117 -0.23940869 0.18732582 0.03800707 0.14125873 0.1837332 -0.34577504 -0.30528423 -0.17246962 0.16242856 -0.000561348 0.32616544 0.43071097 0.059344154 -1.1051117 -0.37927443 0.27548677 -0.013893739 -0.29390627 -0.20217296 0.090711646 0.032351285 -0.063454665 -0.6112059 -0.21249679 -0.3331283 -0.0076416545 -0.12811624 -0.0039105876 0.18395942 0.4721102 0.1571259 0.048311498 0.100481264 -0.2300478 0.10432762 -0.28994152 -0.10551877 -0.96838486 -0.017450238 -0.6293631 -0.30487186 0.22151648 -0.020158807 0.2679793 -0.3291796 0.18589969 -0.15607326 -0.29573724 0.10664017 0.37115926 0.14934452 -0.22376505 -0.03198582 0.49703118 0.746771 -0.37415016 0.008486227 0.032950528
0.015389632 -0.027791968 0.024341486 -0.06430139 -0.18131103 -0.078393444 0.25383687 0.2252017 -0.37111843 -0.26307255 -0.39880636 0.09181088 -0.014287619 -0.087540016 -0.06356812 0.010213242 0.09060988 0.051109146 -0.1385238 0.18009269 -0.41924745 0.11531134 -0.43562147 0.18765368 -0.34702146 0.2084868 0.1286962 0.09576059 -0.1561322 -0.005008908 0.123126686 -0.028442854 0.18662672 0.011518195 0.15289783 -0.50873864 0.19762152 0.117765196 -0.032174934 0.2032885 0.047202237 -0.03594113 0.11282935 0.14209768 -0.37747753 -0.09817817 0.00467219 -0.22716045 0.18693502 0.026917906 0.2357674 -0.030970562 0.06370581 0.003907175 0.19170752 0.33858836 0.1657863 -0.042386845 0.29151678 -0.045670047 0.2767071 -0.11775599 0.004391471 0.27234855 0.17736328 -0.38693687 -0.042197805 0.22516511 0.03606731 0.036814716 0.10486671 0.19797313 0.032834996 0.43451467 -0.01379349 -0.033508785 0.197151 -0.035006866 0.046932936 0.11002459 0.27917367 -0.3825275 -0.049902212 0.35546833 -0.075177416 0.36044607 0.24526986 0.058086913 0.2056872 0.11913082 -0.33806804 -0.475829 0.1958866 0.061923567 0.008402285 0.16633175 0.056031458 0.31229347 0.13421774 -0.101243906 0.2557459 0.12515336 -0.7644749 0.22771282 0.082107596 -0.04746304 0.17878106 0.15122466 -0.061196573 -0.00444615 0.022511706 0.21416354 0.093286365 -0.34191436 -0.15500046 0.23988849 0.25802144 0.19340952 -0.087362885 0.16630003 0.20217219 0.064456314 0.15886772 -0.07027107 -0.27458686 0.16939287 0.096815586 0.069864444
0.0062979017 0.09480902 0.05163786 -0.07844113 -0.22130345 -0.03217359 0.13636501 0.071537115 -0.535769 -1.0314074 -0.42884296 0.050196957 0.21473779 0.17107645 0.20900694 0.14239073 0.0009767923 -0.07632525 -0.58745456 0.11753827 -0.5187421 -0.14187813 -0.159224 -0.045696184 -0.6632219 -0.065607786 0.061592974 -0.00565988 -0.19437034 -0.114872016 -0.11773899 -0.06670251 0.15598822 -0.03496835 0.104649395 -0.6827316 0.23570055 -0.049845956 -0.20121431 -0.07725851 0.06897223 0.022010315 0.2219462 -0.00735618 -0.48399943 0.1745333 -0.03368102 -0.2335325 0.020391708 -0.064784266 -0.15046567 -0.0998041 0.10657728 0.029441418 -0.14038661 0.15079728 0.080777265 0.077719994 0.25032368 -0.10080778 -0.08363285 -0.012293015 -0.054087624 0.05819293 0.018988896 -0.9918459 -0.07445927 -0.14470254 0.14990339 -0.008058082 0.17166117 -0.29548183 -0.060543995 0.17949651 0.18958938 0.17027137 -0.14509827 -0.0033225513 0.08380721 0.07310277 -0.10068972 -0.26824567 -0.06745065 0.093828596 0.036985263 0.19751176 0.04405799 -0.024671873 0.048958167 -0.0760993 -0.2836312 -0.70184976 -0.27733272 0.026283896 -0.008757412 0.07377392 0.18355222 -0.056643434 0.085718036 -0.83183193 0.18134098 -0.030315021 -0.15139347 -0.003407035 -0.044216022 -0.09702403 -0.20218901 0.20073675 -0.15967369 0.096270144 0.15766063 -0.12685287 0.118643664 -0.26015016 -0.009944201 0.16138758 -0.21289998 0.15967058 -0.052478176 0.10297935 -0.005107405 0.023109237 -0.117517546 -1.0542579 -0.5091276 -0.17564836 0.118367 -0.00039128622
-0.043819398 0.17783667 0.20118624 0.014165747 -0.30591592 0.25026196 -0.009957018 0.22864783 -0.20665023 -0.43373257 -0.5801479 -0.00024218319 -0.046878293 -0.17702858 -0.106961004 0.004854366 -0.034764227 -0.06702858 -0.53376985 -0.09705749 -0.43890956 -0.14810237 -0.15856087 0.09021399 -0.34411514 0.27710447 0.25861576 0.10452297 0.032206472 -0.0013051892 0.09704791 0.068955146 -0.008603474 0.21280216 -0.042996775 -0.42321846 0.03635396 -0.12182073 0.16376755 -0.047275845 0.2007737 0.14367378 0.28082585 -0.09181393 -0.31900668 0.17525458 -0.02292539 -0.216334 0.183588 -0.0551484 0.0781002 0.12096297 0.21146713 -0.025865024 0.30552122 0.27196708 -0.042373806 0.14719942 0.22546309 0.041174658 0.0043899547 0.18038736 0.10217416 -0.04964801 0.03211905 -0.2703615 -0.10697159 0.08334457 0.01056908 -0.03977464 0.053223025 0.0024114763 0.011701796 0.13967657 0.2508201 -0.10242165 0.06480914 0.26491794 0.16357689 -0.0809764 0.17899916 -0.20771955 0.06729337 0.1613892 -0.106743455 0.18629503 0.10457932 0.19663188 0.28487626 -0.0032834788 -0.1512788 -0.40136087 0.2669168 0.11070327 -0.04657764 0.061873924 0.048434094 -0.038345434 0.0183153 -0.2690576 0.18666546 0.07987679 -0.34887925 0.115756586 0.15659997 0.08591546 -0.12222233 0.21729143 -0.17098418 0.17269917 -0.031609442 -0.12313879 -0.029969582 -0.03494364 0.00060359656 -0.04295449 0.270036 0.118833624 0.24119623 -0.04782743 0.09137161 -0.07563645 0.07217087 -0.27455297 -0.37822652 -0.086576365 0.15600744 0.08941321
0.011971446 -0.06546509 -0.18160225 0.08962364 0.1565037 0.1251748 -0.15507054 -0.10914092 -0.14961009 0.16068736 0.14192294 -0.079612106 0.02028312 0.11384808 0.11199378 -0.09866134 -0.080193385 -0.1483253 -0.15906937 -0.074623115 -0.055163268 0.08125589 0.11646858 -0.055672493 0.06367651 -0.02296045 0.072564475 -0.17700829 -0.04129154 -0.069302194 0.11586134 0.060644977 0.054864686 0.06485263 -0.14275584 -0.14552954 -0.11393296 -0.053924948 -0.10490243 0.05320679 0.1252503 0.15179437 0.09717735 0.048904337 -0.020201935 -0.10424283 0.0056745606 0.098992035 -0.0044887336 -0.042525273 -0.029583605 -0.16926733 -0.017997682 0.016795835 0.12874119 0.039922077 0.14239919 -0.029174862 0.097514555 -0.12392978 0.026687576 0.14432351 0.020136967 -0.11764776 0.048506036 -0.18107617 0.07678127 -0.12172737 0.10420338 -0.0058661494 0.03147525 -0.09143929 -0.026191344 -0.12594484 0.12664399 0.043744728 -0.11836196 -0.08657147 0.05821201 -0.13308023 0.01730861 -0.09883801 -0.039308902 0.11202589 -0.05222129 0.07430135 -0.14284842 0.11248102 -0.17626627 -0.16838057 -0.19774696 -0.17173652 -0.015520197 -0.1943323 0.017902197 -0.12076369 0.0020046455 -0.012090224 0.04134354 -0.035971947 -0.14147325 -0.0055530067 0.024947569 -0.030783473 -0.043707468 -0.023005169 -0.008618482 -0.013904836 -0.07385258 0.099285044 -0.17473349 0.09429136 -0.13502336 0.10212845 -0.13445565 -0.10997657 0.023725135 0.13866495 -0.0444845 -0.052531756 0.045413643 0.06013306 -0.07958581 0.008486053 0.16539347 -0.0180563 -0.1696729 -0.18381158
0.5270754 -0.035591494 -1.0722814 0.24593994 -0.93493086 0.40880182 -0.27184126 0.1079693 0.83684605 -0.08717286 0.3034838 -0.37174755 0.11625928 0.17828593 0.19273795 0.24742779 -1.1418971 -0.4565483 -0.14596273 -0.24398081 -0.31776386 0.2865382 0.43732074 0.069891 0.6915214 0.037107244 -1.6725223 0.54824924 -0.8225754 -0.9556728 -0.8988691 0.01941788 0.1036519 -0.39442912 0.13429318 0.865486 -1.1730044 -0.5152425 -0.029223898 -0.002126833 0.36604938 0.034685787 0.16421786 -0.22270034 0.7833861 -0.03650304 0.35669163 -0.17005949 0.23072746 0.15767694 -1.1296302 -0.2933709 0.0800418 -0.32927743 -0.2998808 0.24775057 -0.09170915 -0.15019327 -0.009730345 0.22647461 0.07321113 -0.039482858 -0.2396558 -0.5468943 0.18161312 -0.19237535 -0.4616871 -0.31992304 -0.19271715 -0.37731224 0.2687425 -0.12919928 -0.24433893 -1.4895911 -0.2808603 0.31835422 0.19395566 0.23638876 0.069978565 -0.15202703 -1.1911436 -1.0340521 -1.2376229 -0.116997294 0.12732138 -0.3978782 -0.06993197 0.26923096 0.293804 -0.22630095 0.4923329 1.0303104 -0.30406916 0.45464256 0.08966625 0.2855662 -0.19219424 -0.08954288 -0.71158004 -0.030548822 -0.59772474 -0.37988794 0.63618445 0.28644857 -0.3927465 0.24077408 0.24016224 0.16694781 0.029984824 0.27191332 0.3060659 0.00043207782 0.01670726 0.52515 -0.062531486 -0.42056844 -0.42792314 0.16745035 -0.014592233 -0.9177349 -0.3765474 -0.42114756 -0.085762724 -0.23676181 -0.8630656 0.3257184 -0.034418344 -0.70112234
-0.015665721 -0.45702493 -0.23452283 0.2074712 0.22696215 -0.3143506 -0.38908926 -0.18629438 0.5073246 0.110487446 0.4913509 -0.00915996 -0.25804576 0.18625829 -0.051413875 0.06041815 0.11424852 -0.08538502 -0.053930845 0.17943045 0.26597223 -0.044378407 0.4225818 -0.19026916 0.21567897 -0.11297116 -0.10543091 0.34582958 -0.13009337 -0.00016519458 -0.2663383 0.06324377 -0.5399928 0.19286205 -0.30425096 0.5730838 -0.14528579 -0.8002406 0.2747428 -0.07926358 -0.094427966 -0.038494024 -0.23776445 -0.08093224 0.16464935 0.026923504 -0.0011237436 0.01809789 0.06213026 -0.030696461 -0.0070048086 0.07518939 0.19990335 -0.0025329227 -0.2439366 -0.11203077 -0.05382271 0.12271938 -0.24962378 0.17783432 0.14427198 0.084146075 -0.06816263 -0.14851408 -0.0023185755 -0.35366285 0.09617648 -0.0331404 0.24701251 -0.15651561 0.16547051 0.045139797 0.022850784 0.004216884 0.1191161 0.0028948202 -0.11980712 0.09031019 -0.04797652 -0.03395149 0.0021351192 0.111841656 -0.035867 -0.61324567 0.028259495 -0.26439428 -0.21532258 -0.26738727 0.14333859 -0.05565285 0.03192655 0.4501203 0.026732016 -0.10145243 0.04680717 -0.055820156 -0.013753443 0.036364358 -0.08208562 0.032810695 0.063087545 0.033256166 0.55298525 0.003266695 0.03364803 0.0647288 -0.054679383 -0.026960794 0.27121216 0.14972915 0.17181857 0.09868151 0.15914567 0.21082434 0.0823868 0.15786612 -0.001682636 -0.17679134 0.07023167 -0.19980024 0.09811585 -0.06471962 -0.12821956 0.107343495 0.10522749 0.13156256 0.09142206 -0.22153477
-1.8734463 -0.53925836 0.07287718 -0.56285363 0.2470125 -0.4526128 0.042903498 -0.40262517 -0.25726274 0.6803135 0.15089896 -0.038812526 -0.07974535 -0.60326964 -0.14666347 -0.5529709 0.13674732 -0.10252492 0.6924712 -0.018205702 0.60189104 -0.41937962 0.13712409 -0.35262287 -0.4384346 -0.23497505 -0.06065992 0.14637245 0.35305548 0.13375358 0.17247936 -0.02250628 -0.5538127 0.08865575 -0.27374277 -0.14225678 0.10391155 -0.09535728 -0.46008918 -0.3551414 -0.5817658 -0.06423813 -0.57604283 -0.062583394 -0.19931383 -0.052899774 -0.3111739 0.5299161 -0.064053014 -0.48126507 -0.049528465 0.1333195 -0.10407986 -0.14779532 -0.5750153 -0.3729622 0.066748805 -0.049863476 -0.41045856 -0.35833117 -0.21733204 -0.08414293 0.058286794 0.21308993 -0.30720446 0.5869399 -0.082414806 -0.033316683 -0.14864331 -0.9119519 -0.3836276 -0.2504174 -0.028359182 -0.11872815 0.12964378 -0.1404937 -0.5515489 -0.62206984 -0.03327773 -0.21737975 0.09645603 0.30733317 0.05826671 -1.361581 -0.18990906 0.032869823 -0.025480803 -0.23970136 -0.6385497 0.10036086 0.29095867 -0.34562945 -0.571319 -0.24604213 -0.6164311 -0.32470214 -0.08214345 -0.25120193 0.06404864 0.7674248 0.07346776 0.04130961 0.009930564 -0.27378553 0.17472027 -0.22571437 -0.42667133 -0.7789853 -0.39999935 -0.5434372 -0.14294843 -0.19963694 0.013888349 0.056114126 -0.4484372 -0.09720977 -0.20961311 -0.27260947 -0.2543964 0.019530673 -0.17972001 -0.25515744 -0.16789073 0.55100805 0.36679208 -0.71615726 -0.111557916 0.10956189
-0.118441954 0.17763975 0.32666284 0.18708509 -0.42649364 -0.016886137 0.13542342 0.33640817 -0.5638055 -0.8455456 -0.2000831 -0.045520235 0.25867394 0.03691611 0.1430698 0.113173425 0.14497142 0.09082356 -0.27636757 0.050667383 -0.63769084 -0.04726766 -0.3487847 0.04703542 -0.34691212 0.076163694 0.19572903 -0.22986412 -0.20610039 0.19638327 0.20917715 0.34900314 0.10897651 0.0893953 0.12509033 -0.86577225 0.20683801 0.13132003 0.12824705 0.13076429 0.23431791 0.2846761 0.32521176 0.2438923 -0.41954285 0.098502904 0.24873875 -0.2444495 0.23390552 0.10337621 0.014690891 -0.026587758 0.17698978 0.21153687 0.27068695 0.39202413 0.34130332 0.036074836 0.30041307 0.14294238 0.12633342 -0.047530364 0.072518304 0.17175245 0.039674856 -0.56130254 0.025524065 0.040675443 0.19499475 -0.1752286 0.18323147 -0.05533885 0.20587538 0.16065146 0.19981118 0.17110729 0.22805662 0.25795996 0.18023342 0.2698445 0.03803164 -0.42601752 0.21178599 0.18438104 0.011056164 0.13410255 0.35539418 0.028362036 0.29485914 0.3156446 -0.24675952 -0.83495253 0.24353243 0.21787873 0.1746206 0.027446294 0.20119962 0.19311298 0.32254964 -0.53349143 0.31204066 0.07838836 -0.36258486 0.16069537 0.2661328 0.17525476 0.16097355 0.19128966 0.16027601 0.15488806 0.25367385 0.31311378 0.26274362 -0.49786824 0.12827097 0.054289762 0.061574344 0.29278094 -0.017353442 0.03559038 0.08183792 0.14404923 -0.0036412324 -0.40954128 -0.49396992 -0.019544069 0.25437897 0.26705107
-0.058012947 0.0063643656 -0.006012585 -0.12842788 -0.03964029 0.101050705 0.0026254777 0.16628014 -0.14738922 -0.12530386 -0.15070954 -0.11189411 0.037089795 0.11825539 -0.14472206 -0.13488226 -0.068871476 0.10486092 0.093372256 -0.017959341 0.16124979 0.06099145 0.16615969 0.00047522679 -0.109472476 -0.0013264825 0.05247272 0.06572472 -0.000665288 0.006038358 0.033540882 -0.0389753 0.039940126 -0.11251736 -0.03889996 0.091931075 0.0505622 0.09559386 -0.11773279 -0.05535344 -0.09481447 -0.13751623 -0.07257675 -0.01489131 -0.01625751 -0.01092322 -0.11499955 -0.011993307 0.043561034 0.1269623 0.10362377 -0.14773439 -0.11507336 0.13944189 0.11665237 0.09492475 -0.094520636 0.14907837 -0.17174381 -0.14058617 0.01252401 0.07893963 -0.16995996 0.026022138 -0.0059470823 -0.026593946 -0.13846137 -0.0874266 0.008298314 0.038972896 0.10760027 -0.062626235 0.16732658 0.067065395 -0.1233607 -0.1793192 0.115571596 0.009933776 -0.02094773 -0.061789274 0.083110526 -0.06361209 -0.12933311 0.12276637 -0.07908839 0.09845497 -0.12477601 -0.0388206 -0.09686922 0.00752435 -0.024277309 0.05273953 -0.1371168 -0.15899724 0.14059019 -0.13535416 0.05633328 -0.15352748 0.03113593 -0.0072103236 -0.08692956 -0.007010524 0.021703983 0.0016524742 0.13373725 -0.101256914 0.080048874 0.15984978 -0.12697347 -0.13846053 0.059746277 -0.06275499 -0.003986776 -0.16819128 0.10465391 -0.011671326 0.010868176 -0.064787604 0.058110032 -0.006262934 -0.070452504 0.043912906 -0.06894542 0.06560562 -0.16931286 -0.06840033 -0.12442983 0.07185751
-0.12153547 0.13055044 -0.06758417 0.16470881 0.16103192 -0.086710416 -0.017354649 -0.046609867 0.5605179 0.6709239 0.36083558 -0.081614025 0.007999654 -0.24905509 -0.14492026 0.094308846 0.109444715 -0.03252376 -0.040659573 0.06137006 0.50807106 0.2376514 0.43809322 -0.12334123 0.3997971 0.15631063 -0.30678704 0.101677574 0.1816571 -0.063523196 -0.20012324 -0.21224283 -0.0019561113 0.20852 0.05398366 0.50465065 -0.0053911163 0.22088306 -0.051553655 0.09011069 0.042990137 -0.20686314 -0.13742468 -0.13239485 0.5239464 -0.015649812 0.053731404 -0.31278175 -0.016317103 0.09159334 -0.060971845 -0.0071356166 0.08796633 -0.06086816 -0.14906044 -0.1710458 -0.20956475 0.03661022 -0.21203788 -0.061628602 0.09646276 0.18223245 0.030858153 -0.030983934 -0.015627785 0.6382834 0.004080266 0.19582213 0.13167003 -0.13920604 -0.0059729787 0.12363694 -0.062438272 -0.105213955 -0.02934583 0.22864553 0.090408094 -0.09598422 -0.17239527 -0.1559637 -0.15438978 0.36161786 -0.005549666 -0.22176522 0.044433374 0.11952645 0.024133416 0.11344627 -0.06049426 0.16723157 0.22503138 0.71780854 0.15321878 0.107089385 -0.24287033 -0.01237764 -0.19241495 0.21416277 -0.07437917 0.46038857 0.0713292 -0.052837748 0.2769075 0.230825 -0.11880185 -0.010506058 0.176955 0.07289239 0.09384997 -0.14085913 -0.0039989976 -0.21381128 -0.21255489 0.39115682 0.10029519 0.07070108 0.05924239 0.09334516 0.049990732 -0.0045673293 -0.44862303 -0.049370613 0.1628834 -0.11554797 0.47717822 -0.022089023 -0.03573824 -0.15813567
-0.13998108 -0.13998145 0.23222566 -0.03889077 -0.32757124 0.19652107 0.14288649 0.053950492 -0.4632865 -0.49088824 -0.41127518 0.0153840305 0.26674044 0.15799487 0.019654984 0.14996037 -0.0010595648 0.03460298 -0.3349213 -0.060559165 -0.27118713 0.10068335 -0.3422611 -0.052067455 -0.45070583 -0.012679796 0.16326356 0.041901287 -0.09792449 0.20079008 0.025322203 0.037007943 0.18524477 0.0026619642 0.30327132 -0.8221077 0.35764638 0.07506253 0.18306087 0.16839783 0.06907581 0.27606693 0.1452645 0.13924609 -0.4411502 -0.12971465 -0.07270967 -0.33655393 0.14030626 0.12400316 0.1692954 0.19530988 -0.10154911 0.16125895 0.07562909 0.00376588 -0.05147659 0.21413963 0.33496228 0.0727747 -0.01536991 0.0670267 0.25420582 0.014844793 0.061651733 -0.6687693 0.18123686 -0.03439441 -0.029486135 -0.15391602 0.04023728 -0.0027846557 0.17224957 0.3360658 0.10607663 0.09359711 0.182638 0.007480219 0.024489027 0.19618665 0.2997565 -0.36036032 0.100241676 0.20136775 0.017084 0.30487582 0.057037067 0.15074936 0.2612381 -0.08859458 -0.26961014 -0.68750393 0.1571255 -0.043988056 0.28784165 0.27155527 0.22729258 0.013872098 0.02187794 -0.514517 0.15061855 0.1468775 -0.41313925 -0.062526576 0.21391405 0.03763449 0.026570052 -0.05287523 -0.04666842 0.035637222 0.16973281 0.25089234 -0.0214181 -0.45109236 -0.11652237 0.021117857 -0.1002144 0.24635583 -0.11344603 0.22104084 0.1522674 0.06954466 -0.06206299 -0.33907673 -0.5854835 -0.034016613 0.123717465 -0.09295125
0.1982774 -0.020686287 0.13053772 -0.01025403 -0.37139228 0.04594626 0.13433297 0.060964376 -0.48117256 -0.5589331 -0.28136978 -0.0940284 0.04644145 0.24964952 0.21491028 0.19139615 -0.013044865 0.14015058 -0.3882908 0.12978803 -0.47270143 -0.07775979 -0.16863187 0.09105329 -0.32239422 0.23061427 -0.056503713 0.012107147 -0.20893313 0.1524877 0.09085175 0.16784413 0.3332117 0.17893584 0.18176447 -0.61962116 0.07814094 0.028417023 0.14906986 0.28054202 0.058058497 0.1333462 0.2694973 -0.031466056 -0.54646444 0.09738803 0.102722965 -0.42356685 0.22198386 0.13849014 -0.012243703 0.2054407 0.12475483 0.1395456 0.15952183 0.07341799 0.1097591 0.2165686 0.104884535 0.16329181 0.24853063 0.26291987 0.018247584 0.13186702 0.14317885 -0.56607807 0.2173204 0.16262022 0.25431186 -0.23059528 0.12930839 -0.13122931 0.1319389 0.2970293 -0.034066126 0.23800246 0.17671113 0.0999055 0.2686113 0.08454601 0.014564757 -0.4703232 0.19560309 -0.07667285 0.01784304 0.29725617 0.2774402 0.2851387 0.25602534 0.096527494 -0.1402076 -0.89015514 0.31782094 0.0318818 0.1393032 0.10811616 0.04689327 0.13815984 0.118837915 -0.55455035 0.25753236 0.2548981 -0.48876348 0.26138243 0.2108293 0.024576392 0.1287602 0.057325106 0.20328553 0.10317375 0.20995697 0.23749545 0.17507032 -0.27220374 0.1665216 -0.05949343 0.10448305 0.24165748 0.2203976 0.13282275 -0.037064258 0.17132932 -0.019292396 -0.5426226 -0.46748963 0.04123341 0.11236602 0.19581634
0.20742363 -0.11131838 -0.71166056 0.3414864 -0.77595043 0.27566913 -0.28274688 -0.03253118 0.6074492 -0.013024054 0.40624797 -0.14238238 0.013979861 0.28566617 0.025280662 0.098404154 -1.2626537 -0.4172294 -0.23022105 -0.07333993 -0.13473417 0.037417058 0.6123707 -0.20689921 0.5220733 -0.1406403 -1.26846 0.33547768 -0.67863995 -0.74166656 -0.8518286 0.18048218 0.08922894 -0.19712971 0.03327489 0.5999304 -1.054793 -0.5157938 -0.0151214115 0.2137068 0.18932702 -0.088519774 0.29680872 -0.13626018 0.7945577 0.16885506 0.2404196 0.08935869 0.20915952 0.16375284 -1.2228997 -0.33106732 -0.010656556 -0.074770354 -0.094934285 0.080237046 0.012065537 -0.04898212 -0.0939764 0.33139774 -0.20991153 -0.11002681 -0.03640886 -0.36788008 0.11388247 0.007609329 -0.3188396 -0.18586433 -0.05425831 -0.29735857 0.17760658 -0.31103113 -0.2038158 -1.4937667 -0.3593426 -0.016862005 0.2235524 0.2229635 -0.014755389 -0.14263591 -0.8098812 -1.0534536 -1.2030809 0.08179566 0.23378582 -0.47526628 -0.022580847 0.05403391 0.015354429 -0.05050834 0.41926798 0.73947686 -0.2836393 0.400404 0.17872223 0.1929876 -0.14070125 -0.19146284 -0.3055294 0.055587415 -0.50219977 -0.5841201 0.75537175 0.29939252 -0.13586538 0.21004371 -0.06260149 0.32335475 0.077730104 0.36210746 0.21162726 0.0076883584 -0.09494081 0.5676048 0.0047207824 -0.3283514 -0.3881543 -0.04836771 -0.1669806 -0.55280036 -0.45773128 -0.04557942 0.10382053 -0.011216455 -0.6256141 0.031171415 -0.16088554 -0.5827725
-1.9330039 -0.13664146 0.05828706 -0.33058882 0.51833487 -0.42282903 0.1379936 0.06610278 -0.12363824 0.6905504 -0.011311867 0.26783183 -0.028934188 -0.7427517 -0.1444513 -0.10916139 0.24863778 0.30843887 0.5645117 0.05108132 0.6374406 -0.25432602 0.16968429 0.1587276 -0.28564528 -0.22736703 0.101245075 -0.08797945 0.550078 0.16468059 0.22692874 -0.21517411 -0.52786386 0.021078892 -0.20404011 -0.37466615 0.24403134 0.059189398 -0.08356829 -0.1259521 -0.4501646 -0.07815507 -0.52591914 0.19717588 -0.08498566 -0.09886436 -0.21647497 0.7369373 -0.11660845 -0.30380088 0.11881542 0.034709927 -0.16533569 -0.10102565 0.037732523 -0.09530243 0.23320599 0.20460665 -0.07759926 -0.22565767 -0.11555683 0.021620877 0.041084662 0.06807535 -0.23734371 0.5663281 -0.04360104 0.16861054 -0.106162935 -0.6129229 -0.23665157 -0.14880878 -0.07257479 0.29460365 0.027093532 -0.119810276 -0.48759943 -0.4316815 0.08595913 0.06876616 0.3209568 0.70045614 0.05597648 -0.93348753 -0.22325489 0.12736988 -0.03793923 -0.195443 -0.46765816 0.14226815 0.0754288 -0.22635543 -0.5021937 -0.310263 -0.3764676 -0.08166791 -0.0097734975 0.11723923 0.21545118 0.66708297 0.03198229 0.1351033 0.30307415 -0.19169064 0.2547741 0.008499998 -0.06592272 -1.0657511 -0.22664417 -0.5481147 -0.18855949 0.3000562 0.31369513 0.07581512 -0.4788743 0.11552888 -0.25141338 -0.17205139 -0.048853535 0.3516024 0.022770533 -0.0802308 0.070030026 0.68313783 0.75833315 -0.29348037 0.051204626 0.13449226
0.14168058 -0.023836387 0.27978244 0.08115649 -0.18272792 0.012369913 0.14170067 -0.06726089 -0.6090815 -0.53466845 -0.47496724 0.01288857 -0.009197597 0.14967316 0.04810678 -0.032019086 0.088700294 0.12706046 -0.329082 0.2684069 -0.49986252 0.15635315 -0.18899208 -0.01998428 -0.5933724 0.07090827 0.07112123 -0.036025085 -0.05758184 -0.020825652 0.12400469 0.033658266 0.02542621 0.17576724 0.17255181 -0.7803315 0.30411944 0.12555858 0.14104137 -0.10777366 -0.112277 0.18765666 0.27143762 -0.1102363 -0.1814107 -0.016908914 -0.14216019 -0.33472276 -0.014883928 0.1410368 -0.06120951 0.1891108 0.20854391 0.31420684 0.099559896 0.01933383 0.029039096 0.17696589 0.07929286 0.024651915 0.28875124 -0.12148242 0.083022654 0.028579677 0.03715077 -0.4838119 0.026174147 0.2302664 0.14987896 -0.29593173 0.22412884 -0.024169289 0.06973283 0.20779368 -0.015810305 0.11121971 -0.0888815 -0.110166766 0.25206006 0.14115767 0.09406322 -0.41694173 0.25054646 0.100356735 -0.14060582 -0.00034421866 0.12111155 -0.056968845 0.08341266 0.06818601 -0.44272983 -0.62168205 0.20871662 -0.071170785 0.27389988 0.027689133 0.21029356 0.17695303 0.2271047 -0.22979397 0.13501832 0.104596 -0.54909205 -0.060096767 0.17195827 -0.14795731 0.10521745 0.046232343 0.14623345 0.25099486 -0.032169506 0.051126298 -0.08605045 -0.18256666 -0.17881201 0.10926336 0.19057491 -0.1260124 -0.00774779 -0.05836908 -0.017332837 0.22842242 -0.016596872 -0.39487934 -0.18601371 0.16054715 0.14576496 0.20956488
-0.10751621 0.019520681 0.1370265 -0.055969622 -0.38440275 0.23430075 0.25769895 0.11788567 -0.6913444 -0.7210046 -0.20773365 0.04475722 -0.0038402707 0.057010885 -0.029353706 0.109792456 -0.026872741 0.010993943 -0.30142516 0.016882034 -0.6230543 0.15521379 -0.3961292 -0.020786144 -0.21354012 0.22993638 0.16574599 -0.12922284 -0.3074883 0.18381478 0.027915204 0.112965606 0.1139143 0.16091795 0.32674468 -0.8485308 0.13043375 -0.07944434 -0.0071139177 0.004401915 0.009511727 -0.00741781 0.30286252 -0.056999385 -0.38837758 0.22457103 0.053555056 -0.17543294 0.18575048 -0.04677168 0.17342077 0.1035721 0.20472583 -0.033117127 0.4011496 0.2370367 0.19573139 -0.008868814 0.325789 0.07989529 0.23229933 0.085109636 0.24347024 -0.054538183 -0.06947168 -0.5056732 0.17361382 0.115792304 0.14185616 0.08513115 -0.0077590845 0.11553937 0.17602374 0.093405515 -0.015947359 -0.07330314 0.19760436 0.12311253 0.17733443 -0.04684503 -0.042969417 -0.25601813 0.17816564 0.26707846 0.263891 0.25271294 0.25435868 0.27230015 0.16476206 0.13383245 -0.32915676 -0.83565736 0.24749796 0.11538679 0.33531272 0.2981009 0.2061331 0.33994502 0.027300157 -0.50158334 0.053320296 -0.06027827 -0.25908095 0.13869575 0.059558567 -0.024263967 0.12145603 0.112499125 0.1696913 -0.02618003 0.21720614 0.089702 0.022781897 -0.37771207 -0.045999825 0.032810282 0.15080985 5.6146764e-05 0.19118132 0.2240837 0.21660818 0.05787516 -0.052354358 -0.6083796 -0.523771 0.16929106 0.18460783 0.016246999
0.04525703 0.03471614 0.18427521 -0.06475453 -0.23049867 0.082900375 -0.018850304 0.19425657 -0.531656 -0.5019776 -0.45631364 0.049165472 0.061098296 0.043386087 -0.05598748 0.04046464 0.23765436 -0.0969501 -0.26630047 0.07079065 -0.3386038 0.008944411 -0.46369874 0.22045071 -0.37735215 -0.05069772 0.07625574 -0.19900271 -0.19656119 0.29516095 0.040678255 0.033476353 0.31797603 0.1676686 0.13082579 -0.5875487 0.41768816 0.1259428 -0.0073338533 0.055407513 0.05428153 0.23098257 0.09336926 0.26753393 -0.5175583 0.08941763 0.22025289 -0.31786636 -0.08163043 -0.015151032 0.07085917 -0.05482883 -0.14054513 -0.011002103 0.06605624 0.36968148 0.14276128 0.08165627 0.18466401 0.10560366 0.24101941 0.120416805 0.15525848 0.07286707 0.25854862 -0.5837634 0.22353138 0.0704277 0.21831396 -0.026670318 0.08545159 0.013829702 0.16247647 0.25621963 0.14950137 0.22687303 0.054003622 -0.029312124 0.26961762 0.28429422 0.36511937 -0.53825575 0.2584935 0.21335462 -0.014540747 0.30156422 0.16662873 0.26754904 0.19805229 0.1451016 -0.33729517 -0.79693305 0.04840402 0.24393277 0.073655285 0.21643841 0.27502212 0.16156897 0.096923076 -0.4448562 0.16239968 0.0577972 -0.4809221 0.06795827 -0.01172808 0.08346502 -0.030384196 0.040371988 -0.114209704 -0.019331833 0.07070398 0.30832997 0.079489484 -0.43900624 -0.16496511 0.110317215 0.24214198 -0.0045578247 0.15220582 0.2580735 0.09954027 0.18571223 0.07379943 -0.4754507 -0.45633537 0.08631236 0.03498213 0.08708552
0.099287294 0.04841805 0.26847342 0.006329495 -0.15336405 0.024000008 0.2527593 0.3296171 -0.69259447 -0.7554515 -0.25000152 0.21915764 0.17000982 0.13758656 0.13219489 0.08482871 0.24476954 0.16944177 -0.57114553 0.09051354 -0.6054215 0.14730155 -0.4517692 -0.067378566 -0.42970344 0.037221897 0.07191111 -0.12946543 -0.32735533 0.2664592 0.31417874 0.24799185 0.145276 0.21061432 0.024058776 -0.78277916 0.2138566 -0.104954146 0.25183973 0.18580873 0.18797073 0.21120514 0.32059786 0.0497778 -0.31676736 0.040368482 0.06612186 -0.38844547 0.17184962 -0.026648387 0.08115951 0.24047713 -0.014240876 0.122097194 0.0286239 0.10345708 0.31042767 0.20004751 0.24802744 0.022627914 0.2567205 0.2520535 0.18809311 -0.022373207 0.09043494 -0.4560976 0.16523124 0.26863334 0.27464092 0.08693323 -0.028872503 -0.008534959 0.13513584 0.18941055 0.16835596 0.22282846 -0.017974205 0.089272335 0.0022869706 0.13593757 0.25433734 -0.224908 0.13907292 0.25164393 -0.08259951 0.13031593 0.15383033 0.061757762 0.3716828 0.23138063 -0.3663712 -0.9661956 0.08315502 0.15540643 0.29545915 0.27153826 0.30877444 0.03449586 0.1702546 -0.53067076 0.060922097 0.14183332 -0.4356109 -0.043012016 0.10707602 0.1725313 0.19006312 0.043415148 0.18651903 0.0737069 -0.023664244 0.3112254 0.10176075 -0.38124755 0.04701914 0.26756197 0.030502783 0.08201734 0.047879547 -0.01505885 0.18969299 0.30281723 0.13357924 -0.4147819 -0.3668619 -0.10012448 0.0044790753 0.075739235
0.15284975 0.28821576 0.09818021 0.012213871 0.095272616 -0.039421614 -0.08916907 0.12435474 -0.4995613 -0.5784955 -0.41611582 -0.04547764 -0.050381478 -0.041056618 0.06924874 0.15727483 0.06915006 -0.06555093 -0.58565086 0.23571552 -0.361817 -0.06083502 -0.14260408 0.19562238 -0.13715817 0.099638045 0.20864524 -0.00946819 -0.03595986 0.2977544 0.086550385 0.06863226 0.43816558 0.1667098 -0.060749087 -0.42008093 0.021294592 -0.23871623 0.20048718 -0.080898054 -0.03204755 0.012808136 0.097073846 0.031022986 -0.33378628 0.2285288 -0.08091551 -0.30652055 -0.106494196 0.20525694 0.0485721 -0.003230433 -0.030790081 0.103146106 0.23911837 0.14526135 0.13956237 0.24113289 -0.043916073 0.066843316 -0.03733239 -0.010172304 0.08271805 0.20921223 -0.01840068 -0.45615032 0.08003984 0.13837281 0.08507487 0.1552916 -0.0823464 0.03586259 0.2450325 0.19693878 -0.025856145 -0.020194512 0.03199049 0.1639608 0.12084301 0.17480208 0.11820163 -0.28841043 0.15684968 0.015797127 -0.07830722 0.10356218 0.0050596227 0.118090905 0.098161645 0.09561204 -0.07765131 -0.593403 0.08985966 0.10834519 0.18626393 0.027471747 -0.11136389 -0.00940754 0.21688586 -0.2320619 0.07356046 0.17824024 -0.22223939 0.053955678 -0.031954654 0.070511565 -0.061169583 0.14829332 -0.11141552 0.08978542 -0.09886482 -0.11006635 -0.213235 -0.36617377 0.13254559 0.10689371 0.03703833 -0.025906986 -0.015273284 -0.005353673 -0.06386601 0.046819117 0.12148602 -0.2896548 -0.3684218 0.17063639 0.24197058 0.024514422
-2.1988187 -0.16939257 0.20892148 -0.27012858 0.5043305 -0.30492514 -0.035635956 -0.15384181 -0.09187135 0.7670959 -0.11468599 0.28459987 -0.07554488 -0.6875355 0.030452402 -0.48595148 0.3234876 0.24536914 0.5412236 0.13783619 0.67510885 -0.2554908 0.15962063 0.08936534 -0.39182425 -0.21784283 0.3230381 -0.33601752 0.45949027 0.16495639 0.30319157 -0.07836404 -0.47509587 0.04619144 -0.13208783 -0.006110882 0.24624717 0.17269598 -0.08355438 -0.29281977 -0.34475312 0.06389843 -0.55048114 0.05852539 -0.0025643914 -0.06608475 -0.3213769 0.6264616 -0.14896466 -0.51109445 0.13882096 0.1447933 -0.06814597 0.047915384 -0.18860419 -0.16319536 -0.03683254 -0.17427759 -0.21781981 -0.5112424 0.086076684 -0.043977674 0.197582 0.26753786 -0.07717827 0.78672796 0.09389456 -0.08172104 -0.08060698 -0.67726916 -0.31078202 0.012175709 0.16936167 0.33385852 0.04612284 -0.16533577 -0.15007196 -0.2955234 -0.14921989 0.034017548 0.2902702 0.67310005 0.38385293 -0.92275465 -0.31276116 0.29989526 -0.118996054 -0.27153677 -0.19823824 0.12900172 -0.073774554 -0.0038901085 -0.5832932 -0.1310883 -0.5919268 -0.14396186 0.08214791 0.12093201 0.33864018 0.7300958 0.03703098 0.25843883 0.15280557 -0.17662106 0.25416374 -0.1280565 -0.12912619 -1.1889287 -0.10834906 -0.6116181 -0.1765852 0.11206688 -0.060339432 0.16217141 -0.14496668 0.023412066 -0.38673717 -0.08527768 0.104008764 0.3047757 0.047252215 -0.056754667 -0.13986032 0.8637166 0.47662622 -0.4061118 -0.053391427 0.3216111
0.0785175 0.024881745 0.08840514 -0.19199668 -0.16574593 0.03290836 -0.071764894 0.062429924 -0.13830791 0.16737196 -0.15421447 0.082774125 0.07079975 -0.12083733 0.13839549 0.07163314 -0.095868245 -0.092151366 0.12670831 -0.06679936 0.017619913 0.060716234 0.07297291 -0.10635611 0.10918344 0.03927406 0.04928261 -0.095094256 0.083070874 -0.035110958 0.106789045 0.06746758 0.12685928 -0.041683428 0.09019532 0.11610344 0.025355684 -0.027720226 -0.13703467 -0.1118009 0.08055441 -0.13669823 -0.1090414 0.06830018 -0.10681179 -0.15663153 0.019493105 0.08160151 -0.18111275 0.0021719688 -0.15612158 0.05968868 0.07662207 0.05964291 0.15530398 -0.056893863 -0.09783649 0.026865285 0.029760843 -0.10056213 -0.1398453 -0.07663559 0.055480342 0.06605572 -0.10012175 0.14765461 -0.14082247 -0.041605365 0.032964893 -0.13332573 0.14011288 -0.09539647 0.09350149 -0.013394048 -0.11144024 0.14382978 -0.042359453 0.01899274 0.13949929 -0.19124053 0.12478183 -0.08723679 -0.15832928 0.088867225 -0.07624361 -0.16819116 -0.115889914 0.09282962 0.056290567 -0.017619219 0.06997316 0.016454615 -0.1359199 0.010417484 0.102875836 -0.03984776 -0.044409487 0.1506807 -0.062161703 0.16478086 0.1353524 0.117983915 0.032463335 0.028130466 0.03613785 -0.1826911 -0.09026336 -0.12063121 -0.04637237 -0.1099229 -0.07942692 -0.14612412 -0.15461707 0.04026134 0.15214427 -0.08102191 -0.11642977 -0.08226708 -0.07814671 -0.19387853 0.13567215 0.110336095 0.11116105 -0.08818943 -0.10977028 0.14741161 -0.12799716 -0.16458486
-0.09664451 0.2203164 0.113714285 -0.023590386 -0.12944093 -0.008361536 0.11509347 0.21062048 -0.4638265 -0.51551056 -0.48101234 0.17398764 0.120276995 0.10733157 0.030738406 0.18573567 0.16180809 0.16359401 -0.46028945 0.15443441 -0.7427105 0.24049059 -0.045240026 0.1371732 -0.30322966 0.0018267815 0.07538491 -0.20032763 -0.39641693 0.27789047 0.100435406 0.34716737 0.18825667 0.0055928864 -0.03553699 -0.71115035 0.21258995 0.04757749 0.20219924 0.18041761 -0.09817692 0.16435368 0.27482605 0.21829052 -0.3192033 -0.0016771173 -0.017998058 -0.20499021 0.05704566 0.13167126 0.024373326 0.040027283 0.14290133 0.34721485 0.23584358 0.24210127 0.17221722 0.10077152 0.21598214 0.15405409 0.23774748 0.031220896 0.2713996 0.08391094 0.18487081 -0.76688373 0.21923576 0.21730892 0.13357036 -0.02065452 0.14643142 -0.16991243 -0.05164226 0.28974757 -0.024170661 0.095475286 -0.017895209 -0.020666458 0.10097329 0.08720536 -0.04573465 -0.50484306 -0.06268444 0.07336196 0.06451577 0.22634003 -0.063386455 -0.078107156 0.07909099 0.26150087 0.046387214 -0.83530694 0.094368234 0.13115281 0.18648161 0.15698846 0.065115 0.05358607 0.1942868 -0.47855997 0.0013400313 0.04441522 -0.19148171 0.19764125 0.17442475 0.011670849 0.003025587 0.078300565 0.21612279 0.22608659 -0.06869308 0.16916452 0.31008086 -0.31550828 -0.019948779 0.19799134 0.10352977 0.0625996 0.2824566 0.23757881 0.24641673 0.060836524 0.21723151 -0.64584213 -0.5858393 -0.08612787 0.17646034 0.26524577
0.12643018 0.27308193 -0.08191099 0.011759514 -0.45922294 -0.053389963 -0.06271489 -0.04066125 -0.52565724 -1.0600628 -0.467677 0.04298178 0.08505841 0.19061945 -0.059349027 -0.04177071 -0.10083271 0.18933442 -0.7370459 -0.09467802 -0.8044087 0.074287646 -0.18048021 0.16912663 -0.10529907 0.1473822 -0.007735971 0.044573277 -0.37510628 0.09903609 0.09527708 -0.0065624667 0.28055194 0.11566042 0.22557887 -0.5064681 0.24402991 -0.18684767 0.1024479 -0.047134165 0.22087838 0.130477 -0.023454085 0.17894284 -0.39337993 0.027076308 0.28112817 -0.4901464 -0.008148068 0.014864823 0.051450413 -0.10648157 0.10126674 0.018419432 0.17479126 0.036758993 -0.061494652 0.12591206 0.20366383 0.061519198 0.0019858102 0.061098833 -0.068806596 -0.11636445 -0.017790647 -1.2505827 0.09710125 0.16500643 0.2091109 -0.17835349 0.18227875 0.082336396 0.029335888 0.020399194 -0.11504505 0.09995353 0.020382367 0.17846632 -0.042433023 0.05052536 0.08129543 -0.47078282 0.0016092507 0.23966219 0.16711116 -0.111555405 -0.029377732 0.1370503 0.2236724 -0.07531049 -0.21736765 -0.78061 0.20914261 0.1734079 0.2518036 0.05790269 -0.019349191 0.17090334 -0.032841012 -0.95274776 -0.085507445 -0.11523528 -0.08436297 0.060715348 0.22064309 0.24522677 -0.1922282 0.06671387 0.10472877 0.10653848 -0.07034596 -0.03443978 0.010158769 -0.28077015 0.21696833 0.15904292 0.22065753 0.0118279485 0.30397952 -0.08364613 0.04870008 0.19109541 0.16765888 -1.0868238 -0.6546126 0.08987466 0.043175425 0.18648842
-0.14540927 -0.019166445 0.24705987 -0.010425243 -0.26675436 0.07193428 0.35726517 0.1814797 -0.7974118 -0.6483439 -0.3708637 0.27707326 0.22327147 -0.14035846 0.10866998 0.22824535 0.16769457 0.20357798 0.014414098 0.313083 -0.41317195 -0.15634094 -0.5648965 0.2580938 -0.42781714 0.21042414 0.3880947 -0.33688146 -0.0036765835 0.06829756 0.09800221 0.25922957 0.43401793 0.26019984 0.3068414 -0.68489707 0.42899615 -0.011741953 0.14544511 0.16165791 0.02282575 0.07801639 0.28693905 0.061925095 -0.30022368 0.00900601 0.020260368 -0.26018885 -0.12555243 0.097495966 0.20524672 0.05790179 0.16506016 0.10187011 0.23416641 0.038371556 0.11420592 0.20456332 0.23786491 0.12045719 0.34925112 0.13758759 0.3844553 0.19624881 0.22299695 -0.5919036 0.22225712 0.19252212 0.1437205 -0.23415364 0.17407283 0.21032973 -0.042430405 0.49015623 0.3391509 0.03611047 -0.0015956361 0.05063542 0.03370781 -0.0285301 0.278796 -0.37485692 0.3406383 0.29762223 0.010849146 0.11305353 0.35074314 0.13603228 0.050877973 0.30892113 -0.11732697 -0.8637191 0.48124558 -0.027504971 -0.0136248255 0.25306335 0.33167404 0.12939869 0.24356711 -0.5349888 0.35314274 0.17987408 -0.778862 -0.032434788 0.21704474 -0.103880115 0.10819495 0.3006415 -0.04086501 0.19040734 0.121939264 0.13688207 0.0091831125 -0.45426962 -0.16033639 0.13097434 0.33545208 0.09498222 0.21609642 0.18418552 0.18299145 0.33984792 0.22361244 -0.12475302 -0.37228522 0.05731135 0.091983475 0.21299972
0.09543739 0.021208758 -0.065249436 0.021040356 -0.13590775 -0.16239324 -0.038411587 -0.024281308 -0.045016434 0.07853268 0.055679336 0.042423375 0.04387938 -0.010013501 0.024656784 -0.12097922 -0.11930282 0.012891493 0.11079207 -0.00026033385 0.16071549 0.13524687 -0.17645761 -0.081432916 0.05400743 -0.016206121 0.06308203 -0.103461966 0.08677499 -0.107253775 0.0038517423 -0.14109619 -0.05822798 0.112878 0.090626016 -0.12877893 0.10492878 -0.033743113 -0.13579434 0.15316181 0.051813442 0.010345393 0.048867397 0.07015936 -0.16642578 0.100936435 0.121274106 0.021759659 -0.05839879 0.024900295 0.0057797274 0.021924403 -0.116812244 0.1116855 0.0039015647 0.0036138783 -0.07344332 0.14461897 -0.12671037 -0.05980621 -0.12702352 0.12458038 -0.07819747 0.0029647988 -0.020352514 0.12576894 -0.14968047 -0.09868063 -0.17238335 -0.046178147 -0.16051506 -0.011232418 0.0629365 0.018883808 0.0091871405 -0.044119503 -0.13495241 -0.032572072 0.13539256 0.025010338 0.02501314 -0.06068831 0.111112125 0.1175212 0.029858287 0.11740069 0.0052717235 -0.0045728283 0.04849783 -0.170007 0.1050347 -0.09731299 -0.076960206 -0.01880536 -0.13291173 -0.12211367 0.13475423 -0.028900452 0.057220157 0.027699381 0.17326997 -0.090753175 -0.090504244 0.16103531 -0.11776664 -0.17401865 -0.03596411 0.0920884 0.078915656 -0.12660855 -0.14507812 0.056771256 -0.12380151 0.09012477 -0.046855405 -0.071571164 -0.031768378 0.1361728 -0.114254214 -0.14391725 0.071588404 0.074487515 -0.042096626 0.09889513 -0.05090026 -0.074117884 -0.13105257 -0.0961886
-0.051129248 0.23151779 0.14809163 0.24752262 -0.36212555 0.240183 0.28855836 0.13950638 -0.60331476 -0.524757 -0.5610407 0.20931664 0.33000237 0.14717425 0.021183884 0.1486944 0.29886377 0.16284123 -0.47681838 0.20125793 -0.43973815 0.13757372 -0.27577376 0.087094136 -0.34871066 0.26056916 0.10449535 0.08137687 -0.19255647 0.0057940907 0.09374253 0.17749684 0.26157793 0.124243 0.084565096 -0.6172779 0.31068972 0.057903815 0.01854584 -0.0045875064 -0.0015606477 0.08834593 0.34499878 0.11622368 -0.45037794 0.0887298 0.12433894 -0.2510858 0.16208966 0.20352085 0.05443443 0.07045424 -0.048975293 0.12008573 0.15711689 0.2184191 0.0552129 0.07106732 0.40673003 0.27854753 0.16158229 0.20288675 0.30454883 0.11755187 0.16701989 -0.44469017 -0.011113169 0.24426638 -0.016259119 -0.05472273 -0.030312665 -0.08772796 0.30225754 0.1924944 0.20985703 0.19774908 0.24468271 0.19316298 0.22329126 0.038745683 0.18402262 -0.3135965 0.0008679317 0.0010041906 0.06282105 0.31441882 0.24986033 0.24139757 0.32167277 0.12091255 -0.2576671 -0.6656994 0.33005604 0.09012818 0.29757553 0.062585905 0.20653088 0.30773696 0.27028844 -0.68768823 0.3318948 0.16484307 -0.36105403 0.24837406 0.18310487 0.18695822 0.09796315 0.06187837 -0.04988867 0.26630437 0.09975967 0.28357524 0.26323017 -0.50438565 0.27563953 0.1974195 0.0132814655 0.1632341 0.0432814 0.22314224 0.31078336 0.2839399 0.2437486 -0.52055097 -0.39618552 -8.574091e-05 0.26112646 0.28407204
-0.019910932 -0.06450741 0.14168933 0.22679351 -0.39254558 0.16745639 -0.043560266 0.042927943 -0.7457937 -0.8375708 -0.4757643 -0.0004178596 0.22447655 0.29336306 0.11305397 0.20821741 0.01671425 0.016810663 -0.66189754 0.2937697 -0.5901848 0.011055613 -0.4267612 0.092381954 -0.39270496 0.21293199 -0.0473026 -0.088276275 -0.13612609 -0.020878924 0.25991237 0.3171595 0.37437734 0.29249233 0.054280117 -0.7556382 0.34849262 0.12003088 -0.035990745 0.24904782 0.06939587 0.06683022 0.20021588 0.26374346 -0.5580507 0.11312561 0.062918976 -0.38287315 0.15123625 0.096129656 -0.028646404 0.060016256 0.18867876 0.072209835 0.3469381 0.053743206 0.1920044 0.20220044 0.260629 0.16954957 0.13938309 0.046955965 0.26508778 0.034399252 0.24479245 -0.444933 -0.048102517 0.23103935 0.14786197 -0.13340576 -0.0016652268 -0.036218174 0.25215286 0.30970883 0.06707173 0.0026159538 -0.04243468 0.054014802 0.12253425 -0.06896516 -0.04305022 -0.54133004 0.12659197 0.18715169 0.13723996 0.27320126 0.2309466 0.059654497 0.25964874 0.017239729 -0.053222053 -0.9150948 0.091623135 0.08819655 0.093611084 0.15450934 0.12281615 0.13451004 0.1195432 -0.6570131 -0.020865407 -0.009078532 -0.58636546 -0.070175484 0.25967243 0.1850827 0.0868736 0.23491809 0.10559321 0.053646747 0.06532634 0.06686097 0.17674087 -0.30943847 -0.06272775 0.11397935 0.00055066455 0.25199014 0.06519266 0.062019285 -0.012060857 0.23804626 0.099118024 -0.49441642 -0.5291592 -0.02043766 0.0024078095 -0.012462216
-0.11025262 0.059153527 0.28723732 -0.12889662 -0.29115868 0.12937228 0.03631064 0.10040507 -0.4657297 -0.57300067 -0.45828795 0.26302716 0.016333466 0.070818186 0.17720138 0.07046185 0.02184994 0.23912017 -0.6206907 -0.041359663 -0.60761106 0.07774648 -0.20167121 -0.023173992 -0.6018593 0.29887846 0.24692558 -0.05078496 -0.37013653 0.18402629 0.06452916 -0.04740235 0.42422172 0.041979007 0.14974207 -0.7972314 0.31029382 0.101390645 0.045730658 0.23903492 0.24467722 0.09246359 0.32421297 -0.02006351 -0.29534554 -0.02243207 -0.10666341 -0.123808056 0.10297898 -0.05171595 -0.058795784 0.19977134 0.10292671 -0.011017906 0.2581353 0.11390688 0.067455895 -0.016594904 0.06492131 -0.047266223 0.07102098 0.10956539 0.27037856 0.13786426 0.21631259 -0.44136292 0.05747651 -0.004959349 -0.05375624 -0.18583587 0.058595024 0.35768268 -0.076031834 0.3092019 0.24178155 0.17943837 0.17443843 0.21444315 0.2574033 0.11856899 0.13293795 -0.25650084 0.02607555 0.09295557 0.13127217 0.36207637 0.29507765 0.038470697 0.13743219 0.14828135 -0.096477844 -0.92456716 0.42950007 0.09382193 0.2940257 0.15151246 0.030041924 0.071254425 0.35575098 -0.4812619 0.25135282 0.2576467 -0.724745 0.08923795 -0.10252018 0.0065088654 0.1439805 0.15279143 0.112105094 0.0058215666 0.1190686 -0.038610157 0.09152931 -0.3340391 0.3241674 0.079937175 0.35106966 -0.0031318245 0.20523238 0.20552623 -0.03760903 0.31451556 0.13216239 -0.44201154 -0.4727168 0.14544103 0.042427458 0.17444696
0.09109954 0.31323895 0.0073359185 0.060491726 -0.2883662 0.032004114 0.018916417 0.11136603 -0.39326838 -0.55822945 -0.516671 0.10269681 0.28345582 0.2849404 0.23014283 0.12785177 0.109386876 0.23774813 -0.24733303 0.08227908 -0.56242615 0.044973932 -0.08516309 -0.014897435 -0.24154837 0.091182634 0.0913631 -0.24493349 -0.13248436 0.018007945 0.21709216 0.10706309 -0.043593302 0.012704287 0.23983951 -0.6103313 0.13517691 0.1349065 0.12590584 0.1814767 0.2849087 0.24439861 0.35767224 -0.035111163 -0.69234735 0.20388575 0.22002807 -0.17697068 0.12001982 0.05274884 0.1134092 -0.039613727 0.051018964 0.2781875 0.031074272 0.03362265 0.10188749 0.16019659 0.040064957 0.20363756 0.12005825 0.10620113 0.22354762 0.1322704 0.076466724 -0.658189 0.23076989 0.018166624 -0.0039791744 -0.0795558 0.20593889 0.006483466 -0.03402031 0.029494831 0.15968977 0.14149587 0.19272386 0.26267573 0.0128972065 0.12635756 0.29878256 -0.40987942 0.0042229253 -0.04138675 0.081955105 0.02169261 0.06853882 -0.040120114 0.26251772 0.06850446 -0.15905613 -0.78406256 0.15451601 0.08771263 0.3587492 0.14970337 0.2590961 -0.01834418 0.25749552 -0.48460487 0.038995337 0.14044407 -0.24616916 0.1968305 0.10875423 0.012795959 -0.042012714 0.017845271 0.20961529 0.16049093 0.12499576 0.010899217 -0.055108745 -0.41168126 0.14077747 0.19258563 0.09888542 0.19917911 0.03222362 -0.01619861 0.24553883 0.18328238 0.20849212 -0.6611718 -0.3659797 0.031016497 0.23054022 0.14645106
0.07098763 0.15912685 -0.053394172 0.02895486 -0.28649446 0.013636171 0.09712135 0.18317154 -0.66167766 -1.2484362 -0.5451258 -0.19348668 0.043975975 0.22210099 0.13888833 0.24000052 0.0529802 -0.084410764 -0.870533 0.19880025 -0.65616065 0.18839398 -0.41499618 -0.07247007 -0.2680486 0.24006997 -0.089736685 -0.22810961 -0.53566915 0.118574694 0.051565118 0.03937674 0.36018753 -0.1240588 0.053873412 -0.78468704 0.05882448 0.05873651 0.071074545 0.2878795 -0.07070678 0.0018572116 0.1391374 -0.03223998 -0.3108672 0.1592776 0.23413382 -0.2749789 0.045796845 0.18673639 0.034495294 0.13406555 0.081475854 0.1730689 0.17520046 0.09376746 0.20641145 0.19454348 0.12081109 0.031121999 -0.11232451 0.13321657 -0.03185216 -0.17321658 0.21641254 -1.1122193 0.17428787 -0.12968875 -0.050611373 -0.12372158 0.18988197 -0.23961568 -0.11141635 0.05624611 -0.048867073 0.26232088 0.1515327 0.014771361 -0.01730107 0.03370552 -0.09863856 -0.53809375 0.14443783 -0.09414371 0.19702207 0.011656798 -0.029935509 0.02085866 0.060630243 -0.116213866 -0.2934158 -0.7773613 -0.18309347 0.25568762 -0.004549712 0.09602034 0.22439909 -0.058860738 0.074062005 -0.936077 -0.21126842 0.1146088 -0.2593127 0.093894415 0.15691493 0.062083293 -0.20004986 -0.042552043 0.05653364 0.0065951394 0.23167159 0.016580936 0.15347153 -0.39012688 -0.08063162 -0.15412441 0.12740788 -0.042168293 0.17053218 -0.06177863 -0.18575817 0.0682151 0.12917486 -0.97083104 -0.597202 -0.08582558 0.12345928 0.11282699
-0.026647955 0.2811799 0.09398407 -0.069361806 -0.052965093 -0.022806989 0.10612003 0.060810607 -0.4725334 -0.514492 -0.5187954 0.22323486 0.0486746 0.262109 0.09970451 0.14405549 0.10862652 0.00028343397 -0.4903352 0.20818093 -0.4954534 0.14808677 -0.21778233 -0.009780212 0.011658407 0.14663047 -0.018412178 -0.1493636 -0.059284925 0.14612035 0.28227434 -0.038956698 0.32663885 -0.11041313 0.241427 -0.57657987 0.16257693 -0.12536247 0.08701306 0.071510464 -0.022878971 0.20475362 0.05684326 0.113384046 -0.4317684 0.18584597 0.04751127 -0.08882421 0.06105886 -0.01971082 0.15159728 -0.034666397 0.11830386 -0.004345729 0.2371304 0.12603427 0.045986343 -0.06621543 0.123197384 0.23786984 0.16499028 -0.014938205 0.1535598 0.1260644 0.19920285 -0.20282605 -0.016407983 0.027548652 0.228029 -0.045314096 -0.012630164 -0.15126412 0.021142796 -0.012002445 -0.023214785 0.26607975 0.044296164 0.24779825 -0.08753676 0.16972448 0.19487663 -0.48729682 0.040975045 0.23808141 -0.024044583 0.1572899 0.19356859 -0.07504387 0.08456255 0.20977525 -0.19294201 -0.6326526 0.18533467 -0.093971565 0.21397166 0.022213453 0.18764302 0.041868396 0.090511926 -0.5007764 0.22065613 -0.07870117 -0.05247319 0.17378578 -0.04869752 0.21076547 0.12183543 0.030282889 0.07445823 0.15292987 0.052186836 0.21439493 -0.019275121 -0.36593306 0.07024003 0.18069564 0.10192981 -0.052404884 0.15350974 0.0055717286 0.006616125 -0.013934323 -0.03511792 -0.4134331 -0.41881666 -0.041356314 0.17806976 0.18637833
-0.0032515686 0.28704715 0.22013752 -0.018430403 -0.28338337 0.15487652 0.2626871 0.16967146 -0.5806559 -0.5185518 -0.56516135 0.12844226 0.027423624 0.080152676 0.08243086 -0.047622934 0.03452127 0.022972569 -0.34446308 0.15385884 -0.6566924 0.21536197 -0.17601669 0.07290379 -0.23904303 -0.01005505 0.21732472 -0.23792632 -0.055650353 0.06371986 -0.014452807 0.15277196 0.13964373 -0.039058413 0.060269486 -0.7255285 0.291622 -0.07871299 0.027738394 0.08772481 0.038342748 0.23808087 0.32787097 0.11458301 -0.53547424 0.1283165 0.020037448 -0.2936196 0.17163703 0.035872817 0.29974326 0.24274153 0.1316784 0.065959394 0.1495339 0.3136156 0.1864132 -0.047499035 0.09396001 0.095603056 0.17791031 0.20221888 0.29805723 0.108674526 0.24695548 -0.30504355 -0.031616896 0.25759774 -0.0027879493 -0.15047042 0.1316799 -0.14253308 0.090144634 0.27421737 0.17853035 0.018762672 0.18336043 0.25160187 0.18561682 0.1803308 0.047350746 -0.3134151 0.0096517755 0.011326424 0.088974476 0.14932702 0.3774698 0.19632001 0.36402684 0.15320973 -0.19320615 -0.89799064 0.18906857 0.044529967 0.24407867 0.35249332 0.30585003 0.24019863 0.3399816 -0.55305505 0.14811936 0.0644374 -0.43649858 0.002774258 0.080767974 -0.060493134 -0.13893595 0.17848593 -0.059211183 -0.015450969 -0.020684063 0.21765342 0.16044918 -0.45019752 -0.059478838 0.15515496 0.20395306 0.2067711 0.18186536 0.071340896 0.18132438 0.21886058 -0.0143813435 -0.35564172 -0.468789 0.1456654 -0.046014465 0.008843376
-0.048500746 0.040196385 0.3364358 0.034482595 -0.29875338 0.12371385 0.14699292 0.114647076 -0.63375366 -0.86150783 -0.3551054 -0.075489655 0.038375493 0.33766398 0.16644597 0.13479406 0.06308756 0.2523984 -0.41573548 -0.0041222717 -0.46901003 0.22484387 -0.20791197 0.21827586 -0.32404175 0.08864233 0.3841304 -0.28868 -0.40279767 0.17221257 0.2230286 0.21346062 0.16275074 0.2712655 0.33260977 -0.85400915 0.056406327 0.20955324 0.027433133 0.17398536 0.17159325 0.20852043 0.11419573 -0.006982108 -0.6122938 0.1712701 0.059922215 -0.37371078 -0.08091352 0.18342222 0.17157713 -0.09344573 0.07227392 0.0761429 0.18917441 0.291114 0.24781771 -0.057200428 0.25762466 0.19857827 0.094550654 0.22590367 0.34865996 0.12563051 0.27088386 -0.4663748 -0.014904732 0.2154674 0.036720417 -0.17170948 -0.0632573 0.019632911 0.25987414 0.1961733 0.14238456 0.16607648 0.19335489 0.27424467 0.25055492 0.054998413 0.15342812 -0.5614376 -0.0038254145 -0.05398643 0.2236837 0.19845206 0.22592905 0.28816214 0.19577998 0.26788372 -0.0026467403 -0.9422367 0.37616426 0.26044926 0.18508215 0.25265384 0.08746419 0.1354194 0.05840424 -0.7051382 0.16688266 -0.02912262 -0.35831255 0.21851163 0.011130644 0.04481271 0.013696448 0.05692254 0.07463019 -0.045941632 0.15920706 0.3469457 0.14215817 -0.14853361 -0.07912102 0.009512966 0.041727964 0.2990896 -0.11875401 0.065829344 -0.031358995 0.19331534 -0.08918249 -0.6266803 -0.49388635 0.030182043 0.25221753 0.14348397
-0.13035902 0.26366752 0.12894441 0.12425007 -0.526071 0.04912935 -0.015435313 0.028486896 -0.69244236 -0.49885255 -0.49264398 -0.066854045 0.20036922 0.1001916 -0.06393069 0.26619875 -0.05748921 -0.11344364 -0.26572093 0.22539917 -0.64583254 0.14738904 -0.44679618 0.009107692 -0.36016545 -0.026860759 0.29818383 -0.31573105 -0.14216805 0.22957039 0.01810316 0.026005002 0.31987298 0.11770873 0.023955014 -0.57419926 0.36287227 0.18953766 0.16355786 0.0014208705 -0.00959818 0.080397405 0.2502621 0.16132854 -0.4427999 -0.12526214 -0.069213286 -0.35775018 -0.08200826 0.16531222 0.1366112 -0.079796426 -0.06100112 0.027158096 0.0644528 0.2570911 0.051117525 -0.091006994 0.19562061 0.049230132 -0.026060253 0.12391809 0.18462668 0.08317547 0.16425668 -0.68176246 -0.098428674 0.18717702 0.24896468 0.07169482 0.1672282 0.22263215 0.106709495 0.09390996 0.13908829 -0.071219884 -0.09482328 0.13328293 0.051360175 -0.037286263 0.31731898 -0.39196214 0.1739679 0.1025829 0.152585 0.15856826 0.17211132 0.09098409 0.29007834 -0.03171497 -0.27427593 -0.65481657 0.2787763 0.22381411 0.11614108 0.2769161 0.049610958 0.035024166 0.018049682 -0.68486524 0.29130253 0.21271536 -0.43744943 0.16713157 0.19209003 0.15841892 0.14482246 0.062355563 0.14871944 0.22836977 0.120402455 0.082445525 0.2342843 -0.39794692 -0.14178583 -0.01102353 0.23150812 0.21484783 0.11533753 0.117130905 0.25438276 0.33493134 -0.07392893 -0.48787424 -0.48553208 0.062177196 -0.0383148 0.025740486
0.19431141 -0.04436782 0.22198418 0.13703147 -0.35669565 0.09300827 0.061186474 0.05117729 -0.6690714 -0.47564277 -0.3757193 0.07651024 0.17087732 -0.016534863 0.10195197 -0.028087068 0.23230086 0.057960827 -0.5155325 0.20139824 -0.6578323 -0.029809041 -0.28628507 0.025682889 -0.24281004 -0.036551014 0.300262 -0.0041058064 -0.23786765 0.029394768 0.29410347 0.075493634 0.19151387 -0.047077708 0.21165673 -0.6645054 0.45097157 0.049990397 -0.038726404 0.31702754 0.23504588 0.009576326 0.028927999 0.18515868 -0.6135636 0.1228585 0.11299616 -0.34085926 0.24453215 0.15264422 0.2308171 -0.044101767 0.02043504 0.23098148 0.32678095 0.24576625 0.004991619 0.028937448 0.4340176 0.24215478 0.22572806 -0.00464011 0.10732845 0.14687867 -0.01556475 -0.50851655 0.16715796 0.1652498 0.18740198 -0.014906195 0.23530436 -0.23880611 0.012994546 0.21631913 0.25514504 -0.009589488 0.2211154 0.040166352 0.11476971 0.24206139 0.32949516 -0.30894 0.08652305 0.355947 0.13717152 0.28310734 0.29700306 0.1687792 0.33837634 0.19263084 0.030468881 -0.6377345 0.06907056 0.06862672 0.13777657 0.17039399 0.16474272 0.14514607 0.410476 -0.3101509 0.1802562 0.22657041 -0.3728506 0.19789739 0.2567106 0.14305131 -0.0065534883 0.30648622 -0.08112627 0.23166122 0.06512616 -0.014301824 0.24929808 -0.3529243 0.016578242 0.016569737 -0.016001774 0.1337779 -0.04760963 0.21683173 0.092857905 0.20175155 0.2871747 -0.40910956 -0.4538835 -0.057443712 0.109591536 0.09983475
0.025664568 0.09644877 0.21757129 -0.12492207 -0.23617321 0.021118764 0.11393933 0.0016306732 -0.6732118 -0.46252942 -0.5273156 0.28590125 0.20599672 -0.17797813 -0.11212362 0.14148925 0.24141872 -0.07877804 0.09781139 -0.051625416 -0.40076753 -0.14333591 -0.15341145 0.16100699 -0.23233308 -0.14690538 0.2957552 0.08517707 0.055737395 0.2841043 0.04841001 0.0098641915 0.15332031 -0.06553759 0.038218554 -0.7717286 0.2035758 -0.041859806 0.0071873786 -0.0744887 -0.12661256 0.18794926 -0.021630256 0.1783683 -0.62442964 0.12650375 0.104596935 -0.007769326 -0.05649572 -0.17505032 0.046179388 -0.08327925 0.09391808 0.11539422 0.0013529572 0.079183154 0.2386809 -0.0014214729 0.14636546 -0.002665316 0.01673014 -0.032984015 0.1864361 0.052916206 -0.10221669 -0.42141387 -0.05889974 -0.056076612 0.0584467 -0.101127006 -0.052610382 -0.26172918 0.12657565 0.10242902 0.14716507 0.05718292 -0.053650152 -0.026141513 0.12456623 -0.06303914 0.2704958 -0.18207288 0.04240862 -0.11426684 0.11007067 0.01334933 0.21939255 0.044317458 -0.14890482 0.19588724 -0.023409681 -0.8544359 -0.17115876 -0.079115964 0.13150854 -0.053079203 0.23256043 0.19101115 0.12176014 -0.45474258 0.275732 -0.078014925 -0.29133075 -0.13074233 0.14915755 0.13781005 -0.22082405 -0.042211942 0.1298754 0.09947747 0.1120739 -0.027671933 0.32078418 -0.46216545 -0.18445356 -0.0021293832 -0.12186232 0.106780395 0.0049301134 -0.014095718 0.17775193 -0.18690406 -0.09499657 -0.19101153 -0.016606694 -0.17099088 0.14461237 -0.021533681
0.008800423 0.27355012 0.2183367 0.063557245 -0.45612878 0.16802694 0.23969373 0.33564767 -0.54662114 -0.7635661 -0.3257 -0.032754622 0.21668613 -0.031250454 0.07718441 0.13151157 0.29683813 0.15077086 -0.3647258 0.22660428 -0.5460522 -0.04125955 -0.3856899 0.1259544 -0.3554891 0.015128898 0.15072517 -0.24353898 -0.32368326 0.13368282 0.15693744 0.2996039 0.097734794 0.292297 0.37663025 -0.9111437 0.37543118 0.18105687 -0.050826166 0.20754628 0.19279844 0.2566018 0.12218317 0.026676692 -0.47478542 0.034534182 0.1751966 -0.40282688 0.21439274 0.04834401 0.25285542 0.026122196 0.052518517 0.13813688 0.100912854 0.33032218 0.34504244 -0.017888958 0.31262475 -0.04380768 0.13678765 0.0075622834 0.033343926 0.16378762 0.2069683 -0.50629073 0.16691276 0.01190302 0.23639084 -0.14344057 0.048644852 -0.05241332 0.019672 0.4246767 0.2593793 0.20588599 0.022476105 0.018588275 0.13226607 0.055723038 0.18444534 -0.31839886 0.29354855 0.26193953 -0.02474692 0.319049 0.06072882 0.20050535 0.2289037 0.11743812 -0.22830877 -0.9398694 0.32584116 0.020678746 0.25384346 0.26829898 0.35423756 0.20508012 0.32625914 -0.73094517 0.120872036 -0.015528414 -0.3781814 -0.0015336329 0.2493343 0.014566541 0.03377491 0.2662799 -0.100119814 0.18419853 -0.020110497 0.25257832 0.12034043 -0.47147086 0.12308703 0.119135074 0.19790152 0.25375217 0.052908115 0.021917235 0.33825457 0.11140034 0.21877328 -0.30422354 -0.5664931 0.050474834 0.1596504 -0.017530035
0.06842553 0.10315761 0.042268753 0.1977517 -0.20533858 0.2859035 0.0792404 0.10671381 -0.64525527 -0.6174346 -0.2967471 0.038709734 0.07525783 0.18686755 0.08281146 0.101525605 0.2755717 0.24958614 -0.17822865 -0.09119818 -0.51006144 0.1906557 -0.024873223 -0.12322073 -0.16048467 0.042441167 0.10370702 -0.16676277 -0.35011423 0.10515617 0.123703174 0.038751714 0.26717788 -0.03261625 0.2851078 -0.86556566 0.2461881 -0.098795086 -0.08053921 0.12681374 0.013650652 0.028554015 0.1271278 -0.06632559 -0.5435235 0.16384803 0.08984242 -0.31626877 0.20269588 0.070611365 0.22285676 0.13146192 0.06941042 -0.01180353 0.08056791 0.33484176 0.17055933 0.22410285 0.29345748 0.046649102 -0.07014073 0.13182385 0.11666665 0.09485868 0.030943204 -0.3777066 0.2562349 -0.045632575 0.028308252 -0.20816827 0.1520902 -0.2061683 -0.06928988 0.098899364 -0.034842353 0.21213596 -0.018213578 0.21975657 0.10393404 0.026373288 0.08371886 -0.47719756 0.1483197 -0.0044598468 0.16061613 -0.01823153 0.18403473 0.26427388 0.07162347 0.13879532 -0.3169244 -0.8854666 0.23651911 0.16917944 0.18627708 0.19710141 0.13532346 0.016365407 0.32153052 -0.63078094 0.105898805 -0.06059896 -0.12737633 0.010986385 0.014694911 -0.059413854 -0.014962301 -0.015994994 0.18020524 0.22480349 -0.0842227 -0.047026232 0.18867944 -0.4168645 -0.08128851 0.18004352 -0.03618613 0.14748141 0.13935104 0.00075885525 0.09323657 0.15698327 -0.0748511 -0.4907673 -0.38618618 -0.091779724 0.25966758 -0.050387107
-0.08974724 0.04414178 0.26188678 -0.039541546 -0.23877472 0.28373855 0.2668168 0.3355847 -0.41464427 -0.7847166 -0.3662473 0.2043051 0.15412007 -0.035495393 0.23384541 0.19285108 0.26530504 0.08162694 -0.40947005 0.30740458 -0.7083332 -0.06526904 0.004422774 0.06233938 -0.22364445 0.19321643 0.19396074 -0.091985606 -0.11674758 0.08430311 0.2079401 0.10792148 0.07779836 0.045550052 0.01010326 -0.67602086 0.15188174 0.087729275 0.10377328 -0.02819006 -0.007539499 0.12242362 0.26074117 0.114426464 -0.2862191 -0.0118387295 0.009435157 -0.27292868 0.13395888 -0.05308604 0.21064201 0.16749424 -0.09012627 0.19014184 0.33039182 0.29068246 0.05606711 0.20658676 0.12878925 0.025790595 0.20507891 0.049658377 0.2830719 0.06693876 -0.03881215 -0.5814087 0.12565 -0.03269014 0.28595707 0.05370684 0.21028604 -0.08427857 0.056017455 0.39746037 0.15386899 0.11776977 0.07208555 0.01922631 0.12225416 0.19583486 0.13332428 -0.46265617 0.18941358 0.09623965 0.059710998 0.312549 0.24667789 0.22748333 0.103544176 0.24228144 -0.2998534 -0.60725904 0.29680294 0.018357811 0.16107944 0.31608996 0.32769066 0.19409591 0.29107386 -0.5677452 0.2249804 0.2567758 -0.3710869 0.15933299 0.23436634 0.11036393 -0.024190215 0.14869271 0.05542156 0.12791419 0.2755194 0.28995407 -0.004688628 -0.33909106 0.08442285 0.20011126 0.13346101 0.101732306 0.10305546 -0.02115887 0.059491288 0.008629744 0.09546148 -0.25056624 -0.3922794 0.2590139 0.09672222 0.23379755
0.037625995 -0.089302 0.06820107 -0.14508034 -0.061232638 -0.035842136 -0.0477698 -0.0078104623 0.22286822 -0.56832546 -0.39561355 0.15778087 0.011483934 0.35849023 0.26842126 0.14913689 -0.10243746 -0.1529544 -0.3098622 -0.22756444 -0.19924861 0.17620337 0.7313367 0.11464379 0.5083131 0.033403598 0.08670486 0.072180204 0.05772542 0.072314925 -0.016573777 0.038981736 -0.18638273 -0.09490868 -0.08342567 -0.19029021 0.04461777 -0.12021208 0.17957172 -0.05036057 0.117383726 0.15147357 -0.17745012 0.14038871 -0.46102205 0.26549438 -0.07445755 -0.058053486 0.15275955 -0.13219494 0.05432092 -0.18209255 0.036063883 0.5541101 0.30607554 -0.08924921 0.12109975 0.12426389 0.0033945353 -0.066984005 -0.35291743 -0.17290477 -0.016627502 -0.09360024 -0.1891933 -0.4042811 0.012398826 -0.29080862 -0.09360264 -0.13104564 -0.16979302 -0.36142275 0.042589728 0.20562242 -0.15278362 -0.10738012 -0.1808367 0.13137384 0.08381485 0.13661395 -0.27146867 -0.34901148 0.098799594 0.3550804 0.12197896 -0.17077768 -0.09589873 0.009198973 0.037748255 0.04909547 0.0006387339 -0.35612312 -0.4576918 0.2016422 0.29615435 0.03759417 0.16240652 0.12079522 0.0034445608 -0.037822884 -0.0016976647 -0.13718313 0.79865605 0.00076307554 0.3019002 0.20560394 -0.28119254 -0.053378243 0.23856632 0.0032044663 0.0020296648 -0.024642797 0.061350454 0.0003272296 -0.116559885 -0.026332924 -0.14052323 -0.07681741 0.08622299 0.06503918 0.24146262 0.35035834 0.16664274 -0.2709627 -0.112251155 0.07152643 -0.2151615 0.018288571
0.46410832 0.14476089 -0.9330104 0.23127943 -1.1840464 0.32447022 -0.19602674 0.04756786 0.81685114 -0.27352762 0.38944158 -0.1194046 -0.19559315 0.19607712 -0.048546363 0.022404427 -1.192044 -0.44198838 -0.1007623 -0.23179577 -0.43513834 0.11140164 0.6183449 0.18815209 0.48033175 -0.08222499 -1.5988958 0.27685258 -0.66369617 -1.1045604 -1.0532286 0.23334755 0.0057170247 -0.08223908 -0.14437366 0.7164125 -1.185553 -0.49710858 0.21030438 0.10237609 0.044708017 -0.13271749 0.19127974 -0.028278098 0.643092 -0.047548596 0.30328554 -0.04792811 0.045930665 0.34217057 -1.4354904 -0.32184175 0.10186866 -0.14462076 -0.09171868 -0.030592853 -0.015170691 0.011552921 0.041606832 0.20447055 0.050262295 -0.041532423 -0.21554516 -0.4748598 0.2210006 -0.33020192 -0.20314762 -0.24000433 -0.12596023 -0.22685976 0.15031523 -0.013337726 0.11942131 -1.8246295 -0.049423855 0.25850916 0.05975071 0.18431967 -0.21211669 -0.13059646 -1.1584879 -1.1099215 -1.5659869 0.047191318 -0.0020267016 -0.54744697 -0.14901601 0.20070559 -0.06340079 -0.15940456 0.6061275 1.0152832 -0.22718307 0.10652649 0.30367282 0.061776664 -0.123334385 -0.20815629 -0.59341705 -0.062571906 -0.52672017 -0.6713338 0.6569236 0.251714 -0.29743728 0.10526159 0.08910735 0.2954122 0.17495468 0.35074252 0.09135673 -0.35175222 -0.0036300232 0.7027964 -0.089356676 -0.1678264 -0.3733739 0.1684545 0.06275799 -0.95766157 -0.39652023 -0.11846784 0.13768797 -0.016320152 -0.93808794 0.38452485 -0.34044883 -0.70021474
-0.10342292 -0.05694695 0.08176452 0.24521536 -0.50596285 0.22580503 0.27657595 0.06305128 -0.51422757 -0.68381375 -0.62429255 -0.09114547 0.1380434 -0.01599142 0.03299171 0.17859371 0.21736561 -0.108122565 -0.21522808 0.09932439 -0.44186497 0.13728607 -0.46821424 -0.026011448 -0.31918767 0.110678166 0.17586294 -0.23419797 -0.2306295 0.10258625 0.2031343 0.06301253 0.36205572 0.11132447 0.14493977 -0.8539394 0.42741016 -0.03649099 -0.114298016 0.16737178 -0.016609117 0.2617074 0.1968515 -0.026126172 -0.5213809 -0.08334963 0.2258172 -0.21761368 -0.058946542 0.19935578 0.21733876 0.18212885 0.15877399 0.21056949 0.2382348 0.28581938 0.21016492 0.1399315 0.17236638 0.008221312 0.04836682 -0.025036732 0.32078588 0.15992394 0.21943675 -0.41778833 0.17915042 0.18970853 0.05826819 -0.25702518 0.1378957 -0.03986026 -0.0672 0.40417802 0.26007703 0.17181227 0.0063804807 -0.011422153 0.28363794 0.19744194 0.13470453 -0.49454585 0.04810827 0.052198812 -0.025699291 0.014482998 0.16208315 0.27686763 0.12657435 0.16759829 -0.22199705 -0.938669 0.32718232 0.25192723 0.14278993 0.2145575 0.24672766 0.028101431 0.21798454 -0.5738017 0.22509736 -0.028438022 -0.4635687 0.026327094 -0.064896 0.05068405 -0.039227813 0.09454255 0.015779115 0.22720276 -0.06525383 0.21946993 0.0018708511 -0.24387804 0.1283551 0.21342844 0.054378573 0.14328305 0.03308538 -0.034520235 0.010293242 0.29990813 0.05145669 -0.27860302 -0.5390617 0.19495387 0.21004294 0.19471869
0.16812739 -0.087652996 0.12698121 -0.093732454 -0.3642299 0.21878439 0.16348997 0.22727822 -0.60472727 -0.6562247 -0.4801945 0.16408801 0.261756 0.2237858 0.12489475 0.076786794 -0.09189616 0.018539505 -0.07012948 0.12692718 -0.39514986 -0.08424789 -0.11162669 0.026305806 -0.28214094 -0.010311863 0.24334176 -0.12454057 -0.10839149 0.11184998 0.05677579 0.08963591 -0.017095417 0.17960647 0.07122588 -0.45872593 -0.008197698 0.15319808 0.055618756 0.20216613 -0.01985319 -0.043166537 0.16558236 -0.078483544 -0.3254237 0.05322586 0.16825297 -0.0029240607 -0.03086069 -0.027523117 0.045450162 -0.07211339 0.072449125 0.028563263 -0.11738674 0.17873482 0.25955722 0.17754169 0.27824745 0.07431161 0.15490776 0.10490084 0.042067766 -0.026654236 0.044463556 -0.4030329 -0.12266015 0.08412286 0.18191735 -0.06766374 -0.09987101 -0.24095142 -0.12717128 0.05385235 -0.07613568 0.019653086 -0.05643968 -0.098596886 0.25685757 0.090347 -0.011765027 -0.40495375 0.057724603 0.19604951 0.017415019 0.034374062 0.27281144 0.10027765 0.073941864 0.19347131 -0.3034905 -0.66938454 -0.26857397 0.06824493 0.08897951 0.0019695195 0.054512314 0.1932566 0.25233382 -0.37831768 0.18485788 0.18530966 -0.34727174 0.0485736 0.21017846 0.14689973 -0.120882 0.11938633 0.061252516 -0.0053606643 0.1614091 0.025014477 0.14843895 -0.18867598 -0.027033051 -0.079425745 -0.28951028 0.059577007 0.09186453 0.21131526 0.18455134 -0.021712206 -0.00431383 -0.27763987 -0.39771682 0.016789451 0.19769436 -0.086567976
-0.111824036 -0.047085952 -0.110047765 -0.13361812 0.08896691 0.07960155 0.092347674 -0.12682427 0.05441729 0.09425721 0.035795003 -0.08490622 -0.07747798 0.09689278 0.06100588 0.045372263 -0.13627693 -0.15762572 0.13749899 0.011005532 0.15105784 -0.16947897 -0.08277607 -0.16555685 0.16351223 0.0260151 0.07050012 0.1351793 0.01199916 0.03781238 -0.12867543 0.019069131 0.12387087 -0.027747776 -0.12504992 -0.0914222 0.006800134 0.115309335 0.016781902 -0.10433133 0.014881378 -0.056218803 0.009820132 0.10980353 -0.14729577 -0.04793538 -0.09292423 0.14734557 -0.148459 -0.04132096 -0.1588202 -0.12642469 -0.07057757 0.032425 -0.15793353 -0.018089112 -0.09766359 0.12474728 -0.11419802 -0.1486398 -0.018641228 -0.14727315 -0.06874373 0.058186315 -0.14319564 -0.07296717 0.100330055 0.12923819 0.14664437 0.14852367 0.14447628 -0.04387089 -0.078520946 -0.038520023 0.03733032 0.01826164 -0.11347618 0.14696641 -0.046863496 0.13198029 0.0025686664 0.07127735 0.011623345 0.0661005 -0.10325484 0.07345806 -0.10495426 0.086899556 -0.080358125 0.048717655 -0.16791333 -0.11354045 0.14895518 0.13441074 -0.15719019 -0.10908763 -0.16252829 0.018096887 -0.045940563 0.00028568954 0.056197617 0.04732089 -0.028240096 0.028191015 -0.1432559 0.13726968 -0.15483017 -0.09261218 -0.06073676 -0.10314554 0.006864538 0.08767474 -0.06065804 -0.056387488 -0.09928415 0.06604699 -0.12295241 0.12999003 0.039272707 -0.13813813 -0.01266262 0.056639396 0.17729557 -0.06426266 -0.1433578 -0.09717805 0.042157646 0.11754537
0.05305116 0.14635116 0.035412606 -0.15406723 -0.25023934 0.1869034 0.23299298 0.12461763 -0.48558235 -0.27600688 -0.33147547 -0.03298405 0.0027695093 0.15341553 0.0128117865 -0.07045515 -0.024383212 -0.04572191 -0.054136224 0.12764941 -0.39695826 0.14747176 -0.31294087 0.27389947 -0.4605467 0.09161447 0.22666995 -0.2696588 0.00925614 0.21224172 -0.007699861 0.23192628 0.041492444 0.0772855 0.1262287 -0.69764495 0.3431899 -0.0073027895 -0.09089436 0.22222398 -0.11325164 -0.029183408 0.22374587 0.22672334 -0.33710268 -0.10011191 -0.09180509 0.052890375 -0.0025186508 -0.07608145 0.058539893 -0.103327036 0.06818307 0.01611629 -0.0074711954 0.2261084 0.23235504 -0.13567385 0.22664787 0.15343055 0.25627482 0.104137264 0.11130973 0.0047161686 -0.027482653 -0.5339891 -0.023282351 0.17596272 0.26479498 -0.038401656 0.0005922582 0.048910446 -0.046627652 0.17277063 0.04704547 -0.01819032 0.038831983 0.08591547 0.15661713 0.16865282 0.20980765 -0.41725484 0.12726316 0.23975602 -0.14422238 0.14977668 0.32818803 -0.024376228 0.17391576 -0.021492532 -0.15791626 -0.5877211 0.12541088 -0.043621603 0.20861952 0.0010486185 0.05233301 0.11296749 -0.018896526 -0.14246835 0.23286648 0.28390783 -0.70505697 0.13080816 0.20859113 0.06997904 0.029158304 0.26694813 0.096552566 0.14613722 -0.026546381 0.0027035126 0.2241588 -0.2377857 -0.14045371 0.06576086 -0.02426668 0.1590786 0.018286744 0.09576673 0.07502287 0.13261804 0.14860055 -0.043114737 -0.11550957 0.13178635 0.17798647 -0.013481665
-0.12620287 0.085970335 0.020864796 -0.016756117 0.028240582 0.06654068 -0.017155387 0.07602404 0.16626708 -0.027734557 -0.04938224 -0.077821776 0.1000878 -0.059501417 0.03732061 -0.12695926 0.04723525 -0.13687864 0.027968269 -0.10392641 -0.16182634 0.0026392993 0.05772141 -0.122594126 -0.092876434 0.11370689 -0.02674672 0.10909877 -0.09810229 -0.059109364 0.091993846 -0.15497363 0.04880266 -0.10484065 -0.09939216 0.03486657 0.09290368 -0.09663201 0.012072961 -0.03616844 -0.12890376 -0.03343993 0.0137331765 -0.08760378 -0.092531055 0.13753408 -0.11289521 -0.028483046 0.12744701 -0.071550824 -0.14349453 -0.09561868 -0.14371787 0.121094756 -0.08267156 0.051607385 0.08894248 -0.04843559 0.080171175 0.14150284 -0.027622186 0.052478515 -0.09677883 0.13567278 -0.17201993 -0.047496587 0.011457584 -0.14304307 -0.13538364 0.08190151 -0.15465394 -0.009288625 0.15277556 -0.14616023 0.1717373 0.13569804 -0.054144997 0.052367985 -0.052626327 -0.10306229 0.10225939 0.020951103 0.0651892 0.16043286 -0.029269189 -0.024324646 -0.15745737 -0.15758428 -0.109633215 -0.11897456 0.1307437 -0.08119802 -0.03996414 0.123748384 -0.09186328 0.009966199 -0.15876961 0.12125452 -0.17695728 0.10245253 -0.0222582 -0.077627026 -0.043001797 -0.14175962 -0.06653389 0.1172369 0.1447412 0.097481295 -0.0692966 -0.048288107 0.06030509 -0.17900887 -0.16215609 -0.17174295 0.17415082 0.07097421 -0.10073429 -0.057256605 0.026407866 0.04828904 0.026797703 0.0782495 0.021807153 -0.05371999 0.04765425 0.10243526 -0.031027729 0.034853127
-1.9293725 -0.32305634 -0.005148705 -0.08524488 0.3984332 -0.2250853 0.06639799 -0.02924339 -0.4003913 0.76647687 -0.4167251 0.08615843 -0.04627528 -0.38586462 -0.04276377 -0.4181958 0.05150316 0.043357026 0.68231696 0.07221789 0.7625443 -0.17129636 0.31491023 -0.020122714 -0.3919289 0.027154645 0.34313732 -0.072494574 0.48697993 0.29926735 0.29907387 -0.17215505 -0.51508284 0.15376097 -0.12755735 -0.18804225 0.08096021 0.2243954 -0.10217592 -0.10568178 -0.23924428 0.08234558 -0.48672435 0.0730058 -0.12111697 -0.10080303 -0.2569885 0.62508047 -0.13731095 -0.07734784 0.006670262 0.15477572 -0.11199842 0.1593261 0.09470904 -0.3150662 0.03715155 0.19724497 -0.0630429 -0.15016046 -0.15441741 -0.083005235 -0.13707572 0.0777483 -0.2069248 0.5998951 0.10275396 -0.08132546 -0.0066380207 -0.5119244 0.033219926 -0.08454572 -0.07983071 0.17793259 0.1152509 -0.13442469 -0.2711329 -0.2503152 0.12930855 -0.09569316 0.2323092 0.4551947 0.24130175 -1.1801496 -0.30662206 0.17652169 0.015025554 -0.11549105 -0.27501222 0.16533057 -0.01187265 -0.16609977 -0.4247948 -0.2867317 -0.38950825 -0.07588036 -0.12738091 -0.03233569 0.14480992 0.63745713 0.061937284 0.19322973 0.055063937 -0.08207231 0.050966345 -0.16305035 -0.07684586 -0.87342167 0.009463136 -0.34849358 -0.11605889 0.111593924 0.088713765 0.279222 -0.10887438 0.012715589 -0.18734455 -0.08866286 -0.13382818 0.34442666 0.10310436 0.06581884 0.11354524 0.5097049 0.6751423 -0.08725914 0.15162356 0.21094297
0.06839973 0.09899064 0.39382187 0.036229886 -0.33136615 0.116912775 0.3008283 0.2954346 -0.6966364 -0.5752037 -0.41811448 0.24096616 0.080249175 -0.016832232 0.18592392 0.069235474 0.19703858 0.24685517 -0.32251772 0.12100719 -0.60983694 0.14005716 -0.36331624 0.24859409 -0.2726723 0.08355386 0.21902879 -0.14777665 -0.39479908 0.12830172 0.15104823 0.04957544 0.15590404 0.21715242 0.15647227 -0.786483 0.4254763 -0.053904265 0.11347353 0.0750946 0.24602085 0.17636463 0.3421879 0.067749396 -0.610902 0.057585515 -0.049001154 -0.32831237 0.1851422 0.24740171 0.060297925 -0.09026252 0.10565063 -0.005149125 0.100625016 0.30173236 0.2806683 0.12957352 0.34783015 -0.017683513 0.08867675 0.034093767 0.00804967 0.0022489931 0.12033136 -0.4790481 -0.0036332891 0.23435438 0.017652543 -0.051645547 0.23924923 0.12604523 0.24877818 0.36926293 -0.0021660032 0.0073546 0.03518026 -0.061344072 0.116048075 -0.021377474 0.14508972 -0.56221116 0.3722924 0.14991446 0.27241594 0.28379643 0.42665413 0.111141466 0.090776995 0.0792013 -0.35405806 -0.8898107 0.19108076 0.23029542 0.20342131 0.27206823 0.30192196 0.2187411 0.20918491 -0.5760926 0.2919933 -0.019911272 -0.39437357 0.19216883 0.2527992 0.14948615 -0.012766019 0.25084886 -0.12620452 0.06864599 0.042338025 0.31010184 0.3286824 -0.3904272 0.004263257 0.08044898 0.0795188 0.21322402 0.08100392 0.06287703 0.24198726 0.3237148 -0.065831535 -0.38532305 -0.5427165 0.051412333 0.30608717 0.2455379
-2.4902377 -0.43546587 0.17486058 -0.14695373 0.60786456 -0.32672447 0.20953467 -0.1472156 -0.13287398 0.5695244 -0.28278318 0.17087498 -0.053314056 -0.7114098 -0.21545056 -0.3714387 0.36321834 0.21310282 0.41398382 -0.04928281 0.7422541 -0.21884456 0.11036089 -0.07246693 -0.3425672 -0.20159668 0.038694624 -0.3317501 0.38464913 0.18072689 0.21372898 -0.13804246 -0.33299425 0.12782851 0.018992743 -0.012709234 0.17536162 0.35500556 0.0774945 -0.25370565 -0.1535633 -0.013595155 -0.33778173 0.10202947 -0.22872874 -0.0051997965 -0.2642451 0.7693231 -0.078955136 -0.43295464 0.1689033 0.07627297 -0.28441665 -0.050606083 -0.08205506 -0.1910434 -0.021327727 -0.047536187 -0.017859038 -0.18871401 0.11776586 0.09560733 0.215562 0.1261856 -0.09821829 0.4638452 -0.020801574 0.18791321 0.121029526 -0.5045914 -0.046527147 -0.032541554 -0.079073384 0.14972864 0.13211384 -0.07550864 -0.325113 -0.4600633 0.06863287 0.11204765 0.3735989 0.68973184 0.13154559 -1.0539503 -0.27403262 0.13768236 0.013803296 -0.09303968 -0.06147252 0.011846217 -0.08458209 0.006805401 -0.7632306 -0.3082078 -0.40415806 0.01066386 -0.013605627 0.10163275 0.07552205 0.6561928 0.077525295 0.32407826 -0.06843688 -0.214487 0.28820756 -0.042960674 -0.27722245 -1.3794932 -0.21764684 -0.7733074 -0.21165743 0.024345452 0.037430413 0.59010124 -0.2780466 0.02276819 -0.3177232 -0.29040137 -0.1728444 0.17405383 -0.038022272 -0.33295608 -0.14889155 0.4193772 0.48106864 -0.14095238 0.07505522 0.2986448
0.09886722 -0.15002614 0.16091785 -0.012582926 -0.18006325 0.10579136 0.20845976 -0.051097266 -0.61727583 -0.7570957 -0.3623296 -0.0388605 0.032026723 0.32053974 0.00045054255 0.2255863 0.20777361 0.189991 -0.07560208 0.24945492 -0.40122893 0.1559799 -0.050667435 -0.06524662 -0.16453135 0.122214325 0.05609151 -0.045678377 -0.14341433 0.07956075 0.08540404 0.12198383 0.19284707 -0.008110361 0.22721916 -0.67575055 0.28902856 -0.04062816 0.103437 0.17313518 0.05495832 0.059827138 0.2935678 0.25088993 -0.35398665 0.0692445 0.025997063 -0.33141974 0.12625846 0.15317926 0.23215751 -0.07776963 0.08452422 0.12072079 -0.07825928 0.10866793 0.14971794 0.023446295 0.31680587 -0.10027313 0.051515136 -0.050403386 0.22686362 0.015965814 -0.0046176706 -0.38279912 -0.07638066 0.008545877 0.24543613 -0.059094734 -0.0019224463 -0.12856561 -0.027314076 0.2728835 0.117740445 0.16249841 0.090328686 0.17011826 0.033375304 -0.09133227 0.23675124 -0.34347063 -0.007543513 0.09109833 0.19941397 0.091799736 0.021512438 0.19053684 0.2830452 -0.03308023 -0.42849395 -0.8237981 0.0892801 -0.018229129 0.010976398 0.15438911 0.034726463 0.047625784 0.011192268 -0.5408574 -0.010291885 0.07642702 -0.42603108 0.04607311 -0.027799336 0.079490945 0.117983855 -0.0049542594 0.008981309 0.065911904 0.004031909 0.008446578 0.14204365 -0.37785053 0.002893489 0.027570475 -0.21070346 -0.007968625 0.038461022 0.16359723 0.03799616 0.21332453 -0.099376515 -0.4165253 -0.52235335 0.042115927 0.14529495 0.1436227
0.15495476 0.14573969 0.121262096 0.28244722 -0.48683384 0.062030606 0.062267724 0.28883585 -0.39405298 -0.4451114 -0.4749668 0.159856 0.016930621 0.18791103 0.03288592 0.0648079 0.13211654 0.11268925 -0.170574 0.29327184 -0.5025952 0.12767446 -0.13759871 0.050422106 -0.35470602 -0.077330746 0.20632173 -0.14643505 -0.0527947 0.03692778 0.18165046 0.10314269 0.41214424 0.2314204 0.28114516 -0.610371 0.20885502 -0.01889929 0.025933955 -0.087825984 0.095781095 0.0783957 0.33169016 0.2764096 -0.48005465 0.09052789 -0.035097204 -0.17199026 0.2066075 0.0112592 -0.0034384397 0.022785023 0.21908379 0.29492486 0.15293619 0.2220274 0.03331482 0.27083275 0.30572268 0.038234383 0.21237497 0.102950715 0.0309054 -0.09316025 0.20382634 -0.67856205 0.21428338 0.02843553 0.21918236 0.02957204 0.21947384 -0.079527065 0.16825627 0.28794482 0.1089291 0.11693411 0.09860685 0.21612966 0.2767112 0.025554163 0.12012395 -0.45264018 0.041253854 0.24868238 0.2558386 0.21638411 0.16708484 0.24883237 0.37831512 0.15613733 -0.038980693 -0.70223665 0.23624608 0.2057207 0.28957018 0.25900403 0.14630696 0.0020856136 -0.028017715 -0.6016404 0.2686847 0.06505415 -0.51887304 0.25700638 -0.06599823 0.10803317 0.21109925 0.035831146 0.064368024 0.32747933 0.2632816 0.27285206 0.15300766 -0.19348215 0.14561914 0.09366426 0.34122914 0.17368266 0.19161074 -0.06326595 0.21054769 0.072085544 0.10580482 -0.35703704 -0.2631738 0.1760918 0.028117975 0.19167906
-2.3523223 -0.03686112 0.240884 -0.19225395 0.58934385 -0.15830944 -0.066087075 0.06393838 -0.19386798 0.83600533 -0.21247634 0.14518346 -0.012697597 -0.34467682 -0.20467716 -0.20457369 0.2596559 0.11036285 0.38579538 0.14976887 0.77389383 -0.16684422 0.099178985 0.00023835327 -0.56108034 0.16057485 0.2526702 -0.35385534 0.6553022 0.24634686 0.2557264 0.0017191328 -0.41636914 -0.050851896 0.079092205 -0.018975658 0.16312723 0.07774095 -0.06699604 -0.22693285 -0.18744987 -0.064672895 -0.20874827 -0.06477292 -0.20656058 0.049696714 -0.39903852 0.65571296 -0.12967698 -0.24451496 0.09032577 -0.02885567 -0.16461635 0.04537007 -0.04565814 -0.29303822 0.029087638 -0.08000192 0.06937799 -0.31812587 0.10044436 0.13121557 -0.061390422 0.25021845 -0.042183664 0.83187777 0.03332078 0.12738001 -0.1583438 -0.34157825 -0.30055213 0.10137268 -0.107445985 0.19995566 0.113203086 -0.010296669 -0.38067284 -0.13604905 0.20709287 0.08642751 0.32597798 0.72849816 0.1976024 -0.9636842 -0.1414804 0.17256697 -0.09385227 -0.20328774 -0.3386703 -0.015804784 -0.47413495 -0.35616723 -0.5583264 -0.23087355 -0.26709655 -0.02499173 -0.017165553 0.11540797 0.025448158 0.48921794 0.23678447 0.19896224 0.18234704 -0.3243914 0.24737181 -0.24443541 -0.08710347 -1.2776972 0.0054468894 -0.63024783 -0.28783193 -0.062340945 -0.05679893 0.10347815 -0.17370975 0.019850118 -0.3399233 -0.1472744 0.13754615 0.1401179 0.12696691 -0.15061203 0.16906427 0.5649946 0.52458024 -0.30557212 -0.024146693 0.02446692
0.17491834 -0.014989486 0.08053682 -0.098595485 -0.38296288 0.097517334 0.050309867 0.071584426 -0.52015483 -0.7104789 -0.61039823 0.02291722 0.17994365 0.22131622 -0.017763436 -0.03635198 -0.037693992 0.16520667 -0.637283 0.18084192 -0.5071493 0.20350409 -0.14534234 0.12828222 -0.38122824 0.1479736 0.26491016 -0.11607754 -0.3650054 0.13596754 0.14301606 0.070472695 0.04096633 0.004095464 0.117601536 -0.8610664 -0.00035684826 -0.075880714 0.06334607 0.025459237 0.09610868 0.11098307 0.19614175 0.03964071 -0.64063585 0.043648347 -0.0142743355 -0.3817991 -0.021782689 -0.084291555 -0.09481655 -0.09047751 0.16550098 -0.017205596 0.25765863 0.06566514 0.15078618 -0.023597145 0.31352675 0.14453761 0.07190787 0.095324405 0.16435447 -0.019400906 0.11005512 -0.628288 0.19748145 0.2174362 0.23929428 -0.031984676 0.035844233 0.0373991 -0.008688315 0.21949734 0.13291073 0.2761696 -0.029495783 0.33532155 0.08066795 0.21629211 -0.11777643 -0.4519922 0.01796386 -0.11016807 0.08438965 -0.06149241 0.1896914 0.23447786 0.15346803 0.19236137 -0.053772323 -0.75706846 0.06826157 -0.06364384 -0.051362596 0.14131287 0.007196374 0.24457069 0.16883865 -0.6989525 0.008221697 0.0956114 -0.17187478 0.2047414 0.007445409 -0.024740227 -0.25503635 0.12373857 -0.06633387 0.07832814 0.23371981 -0.0063665016 0.21966688 -0.25404736 0.062802635 0.17042361 -0.18754195 0.17382485 0.01744099 0.110260464 0.16972807 0.19240193 0.026320156 -0.41464454 -0.29963276 -0.043318227 0.21195954 0.06045498
-0.045710966 0.1725644 0.21020971 -0.041947857 -0.46510905 0.09122629 0.2517132 0.16610213 -0.71345514 -0.59410584 -0.35116056 0.08925048 0.32981846 -0.0044891634 0.11400813 0.020453108 0.041084647 -0.029698357 -0.40822652 -0.05043428 -0.7370583 0.17562796 -0.07864651 -0.0036538732 -0.30834252 0.0032667387 0.24339148 -0.17541714 -0.2308208 0.15224577 0.19529863 0.068454176 0.13900775 0.18180254 0.3254826 -0.8453207 0.33833408 0.056412276 0.2404209 0.0556181 0.2440413 0.23980287 0.30938116 0.09588116 -0.4021144 0.06388652 0.091360696 -0.30323163 0.12100572 0.25113186 0.28478667 -0.03422387 -0.011622242 0.22775643 0.077210516 0.14913699 0.2278042 -0.01192829 0.11206021 0.23199557 -0.032614958 -0.018128986 0.25018463 0.0341262 0.1904395 -0.49652594 0.07942422 0.04737786 0.14234811 -0.033001345 0.066192225 0.06900731 -0.03209429 0.21658675 0.11808716 0.17983484 0.036244027 0.107513 0.0047346707 0.20768553 0.24588877 -0.5607917 -0.013768159 0.14458929 0.27417737 0.2126116 0.3423478 -0.0029615182 0.3026078 0.26471597 -0.31749558 -0.8157037 0.111512266 0.32573286 0.117388815 0.024368 0.060633454 0.25365716 0.21685334 -0.7393404 -0.009679043 0.20234026 -0.40430012 -0.025902305 0.020396732 0.00014780607 -0.12346271 0.059214354 0.06910081 0.14716841 0.24999323 -0.019367518 0.10326566 -0.4188389 -0.060002547 0.13995396 -0.050404258 0.08808006 -0.041634586 0.046801254 0.10479894 0.05107199 0.037485614 -0.53535676 -0.4112916 0.14049064 0.005103028 0.04177732
0.0042991852 0.04021481 0.08405385 0.19256264 -0.34653208 0.2191226 0.1534928 0.20035487 -0.6604534 -0.6815794 -0.2129668 0.2368104 0.33748356 0.08021604 0.090627186 0.29083848 0.10522063 0.13330868 -0.39774898 0.21552621 -0.60960954 0.09991077 -0.39052087 0.04097018 -0.13496462 0.14594975 0.41531274 -0.21683487 -0.15577568 0.16408657 0.33735773 0.32091612 0.42200512 -0.029753247 0.37603882 -0.8453904 0.18979257 0.20329642 0.06689707 0.234474 0.24032076 0.14835176 0.22814026 0.09468275 -0.33791167 0.17880768 0.103665546 -0.36460122 0.1281898 0.18402447 0.16578452 0.16020563 0.124918155 0.007893784 0.11840471 0.22245328 0.021971086 0.09162487 0.21763091 -0.053213917 0.15021737 0.119251624 0.27562138 0.0664061 0.04717086 -0.5724134 -0.0477377 0.095524125 0.18703616 -0.054346874 0.11358415 0.1360228 0.24658154 0.441613 0.2719247 0.20558707 0.07785577 -0.042053133 0.20382261 0.21298458 0.16333044 -0.2752504 -0.01821715 0.06318661 0.30891046 0.021730524 0.18925638 0.24842443 0.03543859 0.047558367 -0.23165433 -0.7248282 0.115386575 0.14109015 0.32268795 0.21521547 0.15967615 0.26753423 0.13420048 -0.38262185 0.13039571 0.27963188 -0.40447617 0.19221509 0.2523751 0.016896375 -0.01830454 0.05186874 0.13912772 0.04278894 0.21957819 0.051025063 0.08346389 -0.37176186 0.221686 0.18648486 0.0907489 0.24800116 -0.053671177 0.11000399 0.31839067 0.092540294 -0.015667312 -0.49843743 -0.21612453 0.08352525 0.1760175 0.047126263
0.19124794 0.13371542 0.29146183 0.21761976 -0.54542464 0.26904514 -0.03151992 0.107320264 -0.454247 -0.8573242 -0.41263697 -0.019949857 0.098558426 0.115998216 0.05962191 0.22204486 0.048773173 0.096710235 -0.4728241 0.0622551 -0.7803047 0.16252995 -0.3170318 0.089149676 -0.12193013 0.2620446 0.063445486 0.053265963 -0.38208503 -0.011019464 0.12806748 0.076191835 0.14438789 0.18339074 0.29598635 -0.548197 0.24903937 0.09158736 0.24714766 0.016339045 0.2510313 0.16779612 0.29039896 -0.08659586 -0.41942164 0.08020816 0.10381078 -0.45939127 0.045255274 0.07096341 0.021101316 0.19491181 -0.07999007 0.12181363 0.36216086 0.23118192 0.24104235 0.106144786 0.30990773 0.19799401 -0.011838197 -0.07026414 0.05096774 -0.051435065 -0.047930412 -0.6101558 -0.02800633 -0.049003605 0.045430746 -0.2640356 -0.01823506 -0.051968798 0.09332865 0.27744728 0.24228753 0.081456274 -0.008286588 0.014694982 0.014995822 0.19292332 0.26214203 -0.42742324 0.1082033 0.12288797 0.22700402 0.20624062 0.28376648 0.198694 0.21809652 0.05402765 -0.073862515 -0.7344376 0.37605974 0.31325564 0.32910177 0.32839048 0.30569804 0.08754261 0.065085985 -0.6152532 0.2607023 -0.055928744 -0.26590955 0.18191491 -0.006682704 0.0022264956 -0.06385477 0.29256105 0.05966115 0.02810839 0.1918807 -0.0064137382 -0.04344985 -0.21796522 0.13797419 0.0922962 0.18732338 0.11005455 0.11348747 0.01668635 0.18280645 0.13137518 0.068055354 -0.667567 -0.4940569 -0.06587226 0.22448613 0.22959027
0.16328286 0.116238005 0.043176364 0.055991568 0.08669907 0.19693327 -0.12804589 -0.046013203 -0.32115036 -0.022084951 -0.3424745 0.122322746 -0.039922882 0.06859652 0.11782635 0.09200602 0.1886976 0.19584657 -0.40250182 0.0069477973 -0.07422773 0.13680401 -0.06427432 0.14845158 0.0435511 -0.122885704 0.07147086 0.06823195 -0.085578136 -0.1030432 0.06974181 -0.043717906 0.046783898 0.10925724 -0.051727526 -0.29900634 0.22583705 0.14914998 0.082367875 0.05408767 -0.007274104 -0.06510001 0.13730116 0.12425888 -0.25871882 0.016084569 0.16930512 0.03854583 0.049200863 -0.040895026 -0.06599318 0.15896092 -0.15017903 0.12373597 0.060157023 0.050511863 0.15970068 -0.0782289 0.22864728 0.031666696 0.13586749 0.05722887 0.1384261 0.023892403 -0.020619802 -0.1033736 -0.14189649 -0.10179103 0.046520434 0.12402863 0.10432779 -0.19299722 0.12875402 0.27304423 0.13283847 0.2235967 0.14161395 0.11465493 -0.083167374 0.07842996 0.15573564 -0.14553754 0.16321789 0.36539698 0.098010994 0.16609904 0.20545818 0.02965984 -0.1412815 -0.10383214 0.027370924 -0.5734698 0.098853074 0.12752558 -0.018010482 0.2446335 -0.058140434 -0.05077704 -0.096209176 -0.12035701 -0.02442098 0.18783367 -0.29408887 0.20856637 -0.21930069 0.1832316 0.041633412 0.13608032 -0.09471068 -0.0055244802 0.006070966 0.1657858 0.2571162 -0.035288677 0.031213252 -0.015996855 -0.35021597 0.026193375 0.014461551 -0.029196614 0.25108534 -0.08970551 0.08766458 -0.15519182 -0.26264486 -0.16917713 -0.10033961 0.21026829
-0.48559594 0.29318517 0.16563463 0.26959485 -0.19934237 -0.21586147 -0.18206255 0.1858296 0.35475555 0.0019990874 -0.13476992 -0.8863416 0.19627115 -0.45869273 0.31093007 -0.027765933 0.17254262 0.50747216 0.015934028 -0.74128133 -0.3716743 0.21959113 0.17551403 0.4039409 0.33077064 0.19503301 -0.68004197 -0.1715299 0.3289176 0.100484654 -0.00067491486 -0.04851099 0.39089808 0.31194615 0.099482894 0.40927845 0.25605172 0.44499883 0.46071717 0.06054747 0.28350672 0.42211807 -0.065485105 0.40900087 0.46401852 0.43912998 0.023734244 -0.5190025 0.31944254 0.5737838 0.11020043 0.19921461 -0.23536442 -0.4316861 0.44789332 -0.2581788 0.26010716 0.45275047 -0.6367997 0.51989746 0.5547261 0.11089463 0.32565105 0.311726
-0.41053817 0.105069034 0.22654963 -0.048158083 -0.14429146 -0.22567973 -0.9351745 -0.04393931 0.23643959 -0.05562468 0.06372883 -0.82482 -0.29044783 -0.6278555 0.29979298 -0.01733554 -0.13569357 0.13811876 0.12184686 -0.69325465 -0.5858114 0.020437166 0.19889143 0.3637582 0.3026164 -0.18340653 -0.774052 -0.11221591 -0.04166267 -0.13769852 0.122580275 -0.20474893 -0.108264424 0.05663935 0.1255288 0.12854557 0.20800883 -0.17129667 -0.063462 0.09791764 0.06587729 -0.05528117 0.0031727196 0.18891384 0.17439519 -0.022905534 -0.36265507 -0.8696362 0.17307013 0.5529237 0.18779257 0.16162385 -0.023337157 -0.4022201 0.12913856 -0.6182926 0.44371587 0.12664315 -0.85739815 -0.04918168 0.035315037 0.16879463 0.29029858 0.07380892
-0.35464433 -0.11560605 0.3548659 0.024891295 -0.052281596 -0.40551794 -0.29758692 0.22925463 0.26957887 0.22153847 0.20873111 -0.4571573 0.1473874 -0.5042165 0.2427567 0.18255289 0.10321069 0.30306438 -0.16808364 -0.19280255 -0.26302567 0.11620057 0.3138573 0.033149876 0.32377484 0.03726843 -0.41924563 0.050821487 0.35325977 0.106874876 0.05549265 0.17100072 0.33223844 -0.050929327 0.13835739 0.07572938 -0.09794079 0.0023058925 0.0024786247 0.019986125 0.16207406 -0.02090267 0.282037 0.31274307 0.17777213 0.24060532 0.0997297 0.15967496 0.029003683 0.38111603 -0.07751634 0.07820021 0.04528037 -0.37283546 0.10706236 -0.3683323 0.06922278 0.24471197 -0.19622447 0.4327712 0.022370579 0.26799855 0.30498052 0.25216612
-0.41933483 0.0022597401 0.13990082 -0.09859618 0.15738463 -0.6514583 -0.8070734 -0.05526625 0.32468113 0.08373533 -0.09878951 -1.2438148 0.18383807 -0.72484624 0.38509732 0.23175484 -0.17506877 0.4668703 0.32113975 -0.8270066 -1.1946362 0.16980936 -0.042991567 0.21225296 0.39935502 0.14643991 -1.1876593 0.1990696 0.10186721 0.2964087 0.09922005 -0.15777326 0.22301121 0.24204776 0.27531 0.12733085 0.5247712 0.05012784 -0.036026016 -0.01562881 0.20678768 0.22256291 0.020295072 0.09732538 0.09355798 0.059481222 -0.12791441 -0.9481865 0.31451964 0.21503524 0.009114933 0.40371224 0.17317863 -0.98281527 -0.0069313343 -0.88175 0.40679663 0.32837373 -0.7170197 0.09559839 0.05291901 0.19650404 0.24754204 0.20584938
-0.28344807 0.45962104 0.25249827 0.26669085 -0.21998125 -0.32817715 -0.5358631 0.50250447 0.39326003 0.41002208 -0.07929412 -0.69576055 0.09494327 -0.53857327 0.17052379 0.13886881 0.05277531 0.32893145 0.18109857 -0.8596611 -0.3470075 0.28920782 0.36857975 0.26015434 0.3111612 0.23420402 -0.231823 0.087633714 -0.06296679 0.16702773 0.21373373 -0.10324855 0.10479596 0.2748786 0.2339184 0.10059323 0.16425616 0.19089203 0.32743466 0.33056262 0.4577807 0.4067762 0.17701606 0.49655843 0.17701037 0.21100524 -0.09683625 -1.046454 0.1862655 0.46141183 0.027693942 0.40215406 0.08591185 -0.5261167 0.47363627 -0.44337654 0.2048486 0.3134835 -0.3753402 0.18465176 0.32914564 0.40221733 0.32592452 0.17188871
-0.23286724 0.26252156 0.45113817 0.084111184 0.22846481 0.05615191 0.14749093 0.28863692 0.17371552 0.34274355 0.19610618 -0.63847476 -0.18745989 -0.07710576 0.17181344 -0.21683587 -0.25749296 0.3340773 0.082904376 -0.52291656 -0.03523014 0.11284651 0.26984075 0.2982834 0.3495508 -0.022903599 -0.28561702 -0.11496368 -0.034627784 0.2981506 0.103693016 0.25519285 0.28992623 0.06540577 0.082415745 0.24114385 0.02126768 0.40169686 0.22710055 0.2535194 0.53906846 -0.0503188 0.10010246 0.09358526 0.0028815523 0.335306 0.11990861 -0.45252058 0.4582036 0.29117957 0.00035704527 0.42945403 -0.07318612 0.25512356 0.45783797 -0.27483517 0.27743173 0.31853345 -0.24716538 0.17194955 0.4077881 0.22738029 0.062075816 0.035797194
0.117099814 0.12825005 -0.2873685 -0.10947241 -0.05970208 0.49086857 0.33618274 -0.07624666 -0.4442453 0.026279898 -0.038535718 -0.098298244 0.030487945 0.3181165 -0.07928415 0.22131124 -0.020034246 0.100797996 0.011815367 -0.17043841 0.40991375 -0.028158443 -0.3178828 0.14266331 -0.3018334 -0.20494236 0.3051891 0.13313457 -0.34300655 -0.04595634 0.16017352 0.14066833 -0.0053776205 -0.3090764 0.076711625 -0.08970718 -0.3692834 -0.31847137 -0.08240341 -0.16180801 -0.46110117 -0.23172534 -0.16293278 -0.1357755 -0.2533422 -0.15110524 -0.46088547 -0.22006269 0.054421365 -0.22321127 -0.070673935 -0.059703227 0.030804075 -0.024280367 -0.0020604474 0.32807595 -0.08693797 -0.3166669 0.3911448 -0.11934027 -0.063443385 0.056652114 -0.2883178 -0.14327234
0.12682101 0.21799724 0.15913232 -0.15515867 -0.093601 -0.15926582 0.16730742 0.16028862 0.117283374 -0.09405416 -0.22015545 -1.0019511 0.15595266 -0.1871635 0.24082124 0.23946188 -0.2132827 0.30188772 0.08718983 -1.0570465 -0.15421663 0.20894355 0.06650772 0.035583306 0.37539214 0.24018417 -0.40309978 -0.25141734 0.15205015 -0.019014848 0.1877683 0.09481234 0.13498358 0.27657068 0.24052666 0.04832834 0.23572835 0.17555447 0.007833439 -0.11349215 0.31274828 0.3138361 0.09311508 0.2996585 0.33602116 0.15821731 0.07988902 -0.83220536 0.31168965 0.33340535 0.1594195 0.49717337 -0.095086135 0.15007968 0.23995352 -0.4446734 0.07157538 0.023942502 -0.043721918 0.3335859 0.0889033 0.009348569 -0.12645023 0.31045255
-0.44273278 0.15090767 0.19937426 0.014315953 0.23070653 -0.5764202 -0.67689544 0.087681144 0.32102913 0.023168538 -0.20667396 -0.66095763 -0.29252696 -0.73194844 0.07844777 0.18157029 -0.059761107 0.13449283 0.085038826 -0.9245629 -0.7914615 0.35196066 -0.08191439 -0.051423613 0.027904097 0.2903344 -0.7392723 0.19925632 0.16120389 0.2357864 -0.011667943 0.11631926 0.11419896 0.30921304 -0.0003055561 0.2536441 -0.0022787538 0.015117421 0.30371335 0.20259532 0.33485037 -0.04426301 0.25117144 0.023960637 0.3175772 0.22069345 -0.3028301 -0.7946132 0.35854295 0.291644 0.030505648 0.015199896 0.107226275 -0.7122821 0.003272022 -0.7540861 0.20032582 -0.09984679 -0.810967 0.34910506 0.31568718 -0.08335306 0.020617373 0.02723041
0.5126762 -0.20393358 -0.1759182 0.07888124 0.027146326 0.74511546 0.36169392 0.27641028 -0.19787623 0.11179196 0.01812438 0.65468687 -0.00097171305 0.5610673 -0.09747622 0.13010763 -0.2111129 0.114753924 -0.10518622 0.24761026 0.2689958 0.10174098 -0.13418473 -0.010743404 0.20526232 0.08595002 0.43912974 -0.062744126 0.05441895 -0.33927137 0.24158575 0.081546046 0.16521317 0.07556737 -0.09336225 -0.24650781 -0.29178 -0.29795423 0.054461148 0.056779176 0.07231325 0.16183947 0.24769738 0.039345693 -0.2520102 -0.012631884 -0.09961179 0.27650318 -0.17434269 -0.13446076 0.14146635 0.025003664 0.21639921 0.4060046 -0.023243386 0.47964567 -0.071498886 0.116451174 0.46849754 -0.35742137 -0.28495863 0.21249346 -0.115339056 0.10714748
-0.17888443 0.020128177 -0.027939217 0.3001649 -0.20355496 -0.17228363 -0.018763382 -0.3080748 -0.022737274 0.03187072 0.025146818 0.4293485 0.51767635 -0.0035161667 0.024371952 0.17384599 0.07219988 -0.23095801 0.12208832 0.49915612 0.25317723 -0.056192875 0.081693135 -0.076561086 -0.06799926 -0.099017516 -0.18603012 -0.086959094 0.21454579 0.27785262 -0.20609204 -0.014853589 0.17195995 0.18266071 -0.005256352 -0.053972516 -0.08497767 -0.17760973 -0.22902037 -0.15824749 -0.2154523 0.11223596 0.13373719 -0.06066936 0.2940424 0.15891555 0.46019572 0.38448542 -0.061010428 -0.055570822 -0.08255483 -0.33308735 -0.08542587 -0.37804803 -0.17072839 -0.23852958 0.19254237 0.10468614 0.1609276 0.21172899 0.10800069 -0.15311863 -0.015309993 0.1412669
0.048647173 -0.23472567 0.21492754 0.1802673 0.08659193 -0.16338804 0.0985134 0.1284516 0.09771186 -0.15414485 -0.007405162 -0.20597239 -0.14825 -0.16325985 0.17011483 -0.1892596 0.06858302 -0.018801609 -0.035591304 0.05943905 -0.19608511 0.1007073 0.14841683 -0.25901854 0.10233317 -0.0513936 0.03796968 -0.053765655 0.04218514 0.11014391 -0.106600486 -0.22622074 -0.078742 0.13114893 -0.2607085 0.16175114 -0.037377704 -0.13794367 0.0046768636 0.08500311 -0.22735661 -0.25411913 -0.271385 0.114581876 -0.27304995 0.12557907 0.12495794 0.0333732 0.19584653 -0.068764836 -0.01618832 0.09057744 -0.17916402 0.19860406 -0.14244619 -0.21878418 0.067939155 -0.12915955 0.21393363 -0.05773377 0.13880584 -0.088151924 -0.1849249 -0.07071627
-0.34559652 0.28879476 0.29680625 0.058786597 -0.18044968 -0.4118027 -0.0056631966 0.35205117 0.39290982 0.45943186 0.05753429 -0.5131164 0.021588052 -0.40248767 -0.022190409 -0.0121395355 0.10767487 0.15964457 0.31603462 -0.5264604 -0.095963426 0.19057415 0.16208982 0.19759883 0.14498053 0.11500304 -0.5275034 0.21317665 0.36131507 0.45470256 0.43824401 -0.085851654 0.27318767 0.1278559 0.45703617 0.06392836 0.118736155 0.15185189 0.22735053 -0.006045096 0.37956315 0.2064491 -0.043128293 0.4471964 0.13460895 0.41621977 -0.113962136 -0.34837225 0.51387125 0.18330404 0.12886922 0.52216446 0.028782317 -0.45686534 0.16663271 -0.2659689 0.1492682 0.4085906 -0.46324596 0.14932567 0.4042149 -0.067448854 0.38219643 0.26283196
-0.020245599 -0.27000713 -0.27100554 -0.23544112 -0.25795186 0.19540772 -0.13908471 0.0058395755 -0.0016562546 -0.15301058 -0.20367114 -0.21066037 0.05043148 -0.09746308 0.07245052 0.16779165 -0.06773385 -0.02102909 -0.084529 -0.19294792 0.14816962 -0.23532315 -0.07020127 0.20629372 -0.1348087 0.041372888 0.11684426 -0.17625633 0.0018616978 -0.12785354 -0.19486532 -0.22915193 0.09595021 -0.15440099 0.16792263 0.19610733 -0.006061311 0.19720683 -0.11074563 0.09192588 -0.032511186 -0.21102938 -0.17887123 -0.20996399 0.015494506 -0.059585173 0.16981085 0.053941645 -0.10810103 -0.07477569 0.15496679 -0.18249777 0.24106319 -0.06568387 -0.0062735 0.19645801 -0.25035277 0.11810627 0.15924759 0.19725753 0.040892296 -0.12870203 -0.21625513 0.15896912
-0.45011973 0.3228566 0.32944074 -0.042527426 0.18755467 -0.6408007 -1.413563 0.17011756 0.18468748 0.030715061 -0.08509571 -1.3078109 -0.26347256 -0.57439184 0.0010240241 -0.042071335 -0.4323509 0.52456594 0.20643257 -1.0483402 -1.1387973 0.060602613 0.16994335 0.11653572 0.0007653264 0.05402017 -1.5017778 -0.08516012 0.19770136 0.117644876 -0.13097784 -0.17597345 -0.045703057 0.2905863 -0.069302976 0.079598024 0.35532615 0.0052744485 0.16617733 0.23062742 0.52227706 0.21032953 0.11640384 0.36761758 0.16385517 0.11253546 0.1752591 -1.2497911 0.3915913 0.43680885 0.17582561 0.30531892 -0.19978184 -0.9163232 0.12025901 -0.91723406 0.45035186 0.1316318 -1.1399183 0.45025444 0.31638032 0.32591447 0.36017895 -0.26181564
-0.1874348 -0.22049876 -0.22495167 0.101601325 0.16662557 0.0051045767 -0.0595616 -0.22493702 -0.23202807 0.063014135 0.063102074 0.049696375 -0.07533736 0.045296185 0.025958966 -0.11060701 0.17518203 -0.028531644 -0.04002218 -0.17261179 0.16983989 0.18459286 0.047081158 -0.15774034 -0.1780723 -0.27839735 -0.03254685 0.12168372 -0.16444722 -0.14818813 -0.16705498 0.04837852 0.09268218 -0.2143292 -0.13927065 0.07045588 0.18148059 0.13783342 -0.06938676 -0.0497792 -0.14744759 0.054609705 0.16524486 -0.020330904 -0.20053715 0.22588226 0.08485036 0.06481788 0.20454209 -0.081299156 -0.0051899557 0.038698055 0.1880588 0.09353174 -0.060949802 0.1751805 0.002729131 -0.14778556 -0.020411808 0.22778891 -0.2504831 0.17981026 -0.2085705 -0.15122193
-0.48746064 0.4150368 0.35064265 0.016377335 -0.09824459 -0.08877128 -0.08879193 0.33448815 0.37000763 0.17533173 0.11773032 -0.72822225 -0.26887253 -0.16236898 0.41654566 0.19723265 -0.020781871 0.36313516 0.3688809 -0.968024 -0.49921578 0.2801601 0.34423774 0.4197887 0.28690603 0.26034513 -0.48556417 -0.1680422 -0.03449921 0.12219885 0.35925543 -0.10678276 0.098681256 0.21124282 0.4455801 0.3213465 0.1602966 0.2878585 0.014311331 0.3231069 0.33256343 0.33586305 0.2737163 0.29480755 0.25754428 0.41387147 0.03032412 -0.7492525 0.41580802 0.46325806 -0.018049784 0.16264915 -0.002395803 -0.44056055 0.24616726 -0.4888575 0.642971 0.019774038 -0.54642284 0.42447856 0.15212357 0.15743518 0.089761786 0.16532367
-0.13301998 0.5048604 0.3288512 0.020204665 0.026867937 -0.40105575 -0.4574551 0.53894395 0.25204659 0.5334353 -0.19618197 -0.8812718 -0.1743655 -0.7846167 0.45906648 0.18854591 -0.13865407 0.46048048 0.0392829 -1.0844498 -0.56810004 0.2890994 0.53350115 0.46508482 0.21029072 0.3967346 -0.8146995 0.047495008 0.36314628 0.17350464 0.3401305 -0.19362956 0.44709858 0.5080079 0.49470922 0.25042892 0.5406804 0.58579093 0.27956995 0.30311576 0.27833283 0.35724702 0.24724954 0.15076415 0.46989876 0.21991536 0.13903666 -1.0909016 0.57876414 0.54092944 0.2382514 0.12464316 -0.20248096 -0.35029975 0.24176393 -0.88666075 0.530692 0.09239063 -0.64587826 0.50457525 0.35032883 0.45120227 0.17571115 0.2839991
0.11794141 -0.061528176 0.25280458 -0.04774025 -0.13877065 -0.032084025 0.043990813 0.11402653 0.5535954 -0.02075809 0.19849464 -0.91717994 -0.3745358 0.1617296 0.21829148 0.15856665 -0.41611448 0.46095392 0.26563555 -1.0185547 -0.17249225 0.40298215 0.18240811 0.40276372 0.23282707 0.13773552 -0.15363577 0.093564175 0.24688256 -0.08829853 0.35880315 -0.1978541 0.24495807 0.18523006 0.2150107 0.18647777 0.07070784 0.24041909 0.13661419 0.17242411 0.5036348 0.066449665 0.3062608 0.32279944 0.093473285 -0.08682374 -0.43912384 -0.70041883 0.06579275 0.20804311 0.071618125 0.3439735 0.051786598 -0.25359237 0.30191696 -0.16632833 0.16248481 0.16350135 -0.32344732 0.111293495 0.2582416 0.22085021 0.07099116 -0.04014012
-0.23100655 0.29332674 0.26023185 0.43895328 -0.0772919 -0.66835713 -0.5096612 0.3239839 0.45869657 0.027387658 -0.050916072 -1.0226284 0.11907318 -0.6585433 0.35562843 -0.19419973 -0.29719612 0.30212462 0.30623493 -0.8883021 -0.4281679 0.18784338 0.112139456 0.3227618 0.45038548 0.16071135 -0.71337914 0.20235956 0.047409605 0.15918003 0.22736402 -0.23666097 0.45935062 0.109156765 0.1477169 0.14399636 0.3515114 0.5436793 0.36147103 0.4547609 0.5184167 0.1641545 0.10031593 0.31079912 0.041735437 0.17798002 0.21721292 -0.9964926 0.31782922 0.25105682 -0.19745979 0.1300493 0.20591445 -0.47870797 0.206743 -0.16194522 0.4114553 0.28839418 -0.27101436 0.35849598 0.5324129 0.4458856 0.19525178 0.20225619
-0.04500428 -0.02096643 0.04404258 0.31568003 -0.16322355 -0.20432262 -0.41789472 0.08345599 0.48024613 0.32870212 -0.11503617 -0.65547216 -0.07195086 -0.4776503 0.33102456 -0.058594786 -0.041284956 0.15020043 0.16507407 -0.5937123 -0.06966094 0.37876067 0.31238648 0.5068267 0.19877177 -0.03465818 -0.54608935 0.040516235 0.35370553 0.35674337 0.19578691 -0.15601939 0.39568606 -0.014108755 0.47678253 -0.06422111 0.23600668 0.43893704 0.25303292 0.42551836 0.43947542 -0.038618404 0.35588947 0.183973 0.4471218 0.35220286 0.02470482 -0.64331317 0.14046031 0.14979427 -0.19075502 0.2119239 -0.18821242 -0.54327494 0.3946759 -0.38317442 0.5672244 0.13354555 -0.42564487 0.033451222 0.0793804 0.3539972 0.27727193 0.24078545
-0.51547635 0.04736906 0.5354841 0.47177857 -0.12636948 -0.36978 -0.80866295 0.11362404 0.32933906 0.08275954 -0.21729998 -1.1568345 -0.28441373 -0.48736876 0.081891105 0.20404361 0.07863377 0.6829312 -0.00645486 -0.7177074 -0.30192205 0.3306297 0.2566365 0.508315 0.34603032 0.11994387 -0.9142553 -0.1727325 0.3431182 0.40781587 0.2538818 -0.111119896 0.33031538 0.24239999 0.35037255 0.04326926 0.5119279 0.223639 0.32686257 0.3349496 0.6735219 0.47421333 0.00946298 0.416295 0.10174595 0.1242357 0.30994496 -1.1930171 0.5427949 0.5535716 0.013121099 0.4431202 -0.21606536 -0.4097111 0.39433292 -0.6694403 0.42406034 0.31954488 -0.41274342 0.2622625 0.51954454 0.37634817 0.11557096 0.01443678
-0.023870451 0.15580863 -0.21805315 -0.186522 0.18333465 -0.14827847 -0.17605907 0.004021242 0.22835693 0.21345283 0.13696693 0.008924426 -0.16690783 -0.19920419 0.116228625 0.07546243 0.051352493 -0.08999157 -0.25253138 0.0022779696 -0.048653245 -0.020544665 0.018025296 -0.13779819 -0.1753994 -0.08751769 0.09589241 -0.15656346 0.21689577 -0.2599258 -0.15822572 0.076916195 -0.2525646 -0.14488535 0.1611382 -0.1738341 0.1031096 -0.12840925 -0.11194172 0.037178446 0.02545031 0.21273161 0.035942987 0.05082173 -0.12572181 0.2157298 -0.015097963 0.13127948 -0.19271713 0.13054739 0.20450516 0.17418282 0.20700985 -0.107068665 -0.17992502 0.08490256 0.12902646 -0.15957285 -0.080284834 -0.011239409 -0.039893664 0.10951172 0.16796935 0.11375249
-0.38959458 0.12013261 0.56059855 0.25778678 -0.11289355 -0.4437901 -0.6310279 0.5425244 0.1832994 0.006242148 -0.18348908 -0.9875684 0.13868281 -0.6010626 0.38754228 -0.041031003 -0.4382339 0.25953296 0.1500928 -0.42358693 -0.44605744 0.42434832 0.05379217 0.51282984 0.34366274 0.26751694 -0.548001 -0.13778654 0.041564193 0.16610521 0.35545453 0.21116114 0.057927266 0.43369883 0.11725351 0.4020679 0.36182866 0.16014992 0.061006654 0.34458947 0.5914228 0.34391987 0.33872262 0.24750957 0.16479665 0.31322256 -0.0016095947 -0.8104949 0.23465538 0.2928233 0.02716574 0.50966644 -0.1889767 -0.42413905 0.2808583 -0.59669185 0.7155071 0.29052848 -0.57112783 0.13893951 0.18831585 0.3395474 0.21396904 0.27929276
-0.19272049 0.32609534 0.17460604 0.24922293 -0.22544284 -0.18448032 -0.6869655 0.17338504 0.08096711 0.29172418 -0.06256728 -1.044708 -0.2621158 -0.38662803 0.31776226 0.17517424 -0.29293016 0.20119072 0.14359286 -0.51977795 -0.51730305 0.4009805 0.020534756 0.44110352 0.31868228 -0.14549118 -0.76452017 -0.18586068 0.31367165 -0.13237318 0.121332526 -0.07901413 0.08394095 0.0010531922 -0.054463353 -0.08741807 0.17770259 0.22040296 0.24772236 0.24570782 0.13251348 0.2960523 0.32652214 -0.0053422945 0.3873382 0.13569488 -0.0005609899 -0.9299405 0.33957294 0.45318836 0.072822675 0.40534893 -0.21111865 -0.119502075 0.33178204 -0.6251143 0.42873538 0.024774997 -0.68090534 0.22596891 0.36890557 0.27425066 0.0659371 -0.052222088
0.19360834 -0.0831357 0.034093253 0.14332543 0.16688424 0.2539514 0.5432603 0.19894588 -0.43606097 0.20178641 -0.175309 -0.07295428 -0.37377915 0.34436718 0.22630705 0.07911551 0.5761562 -0.21107526 -0.1873906 -0.079466835 0.37332305 0.007595095 -0.23703618 0.30001682 -0.06564001 0.013025111 0.6107664 0.20442954 -0.12559815 -0.37189382 0.23584563 -0.1862883 0.03749816 0.06515518 0.05375691 -0.19151652 -0.24035278 -0.13021637 0.19652544 -0.14132449 -0.015255916 0.0044412734 0.012094822 0.28167307 -0.0660272 0.06791473 -0.6036737 -0.18655862 -0.1290776 -0.015072999 -0.047874473 0.160367 0.2029657 0.42020997 -0.14736706 0.37201113 -0.12378835 -0.1505581 0.48278284 -0.3522715 -0.2180838 0.021439087 -0.2205554 0.14884149
-0.3487966 0.4359592 0.43698785 0.111325115 -0.040247507 -0.37998724 -0.651866 0.2992375 0.04421263 0.3401157 -0.06903322 -0.9588001 0.22114111 -0.56704056 0.2594619 -0.094221234 -0.1474491 0.48818198 0.41809124 -0.9771491 -0.33829865 0.41291276 0.35882324 0.38410732 0.35880208 0.11848733 -0.5599189 -0.15304676 0.407785 0.16897522 0.351574 0.069442675 0.28203854 0.35330334 0.20099981 0.099265374 0.553435 0.4449508 0.40441898 0.33557013 0.7315786 0.29016423 0.09732717 0.29247832 0.07392671 0.35689023 -0.072958015 -0.98039097 0.36165696 0.16940935 -0.09510596 0.21483022 -0.10102676 -0.23101121 0.15317833 -0.24337542 0.45841277 0.35187107 -0.562993 0.20076677 0.5386821 -0.016538355 0.23921908 0.047967613
0.0910074 -0.10886836 -0.02564624 -0.08118885 0.030330356 0.78826463 0.3634133 0.14811331 -0.2503266 -0.47119212 -0.20444956 -0.2925741 -0.357177 0.46234673 -0.10382144 -0.22021171 -0.84104514 0.18632479 -0.24661654 -0.2275694 0.5943216 -0.07784186 -0.20410483 -0.19766533 -0.23687674 -0.2596358 0.5241239 -0.1241391 -0.14820178 -0.51617646 0.20357285 -0.05735594 -0.34763923 0.028671203 -0.3796161 -0.2832618 -0.542907 -0.111799784 0.07925155 0.108189635 -0.18627849 -0.2028774 0.33850595 0.14176448 -0.06882654 0.047570325 -0.53780824 -0.14306763 0.15264253 0.1406013 -0.23491924 0.2333579 0.1653673 0.47376162 0.102653086 0.4859474 0.0599527 0.0006619803 0.012928492 -0.31390545 -0.039605655 -0.2911719 -0.33258706 -0.4169997
-0.5198223 0.2786468 0.38368824 -0.0050005526 -0.11854977 -0.95932984 -0.96442086 0.07794372 0.16848111 0.44426584 -0.2282994 -0.70478714 -0.14194341 -1.0485581 0.22921197 0.14525336 0.07339267 0.10787498 0.1083508 -0.80679846 -1.0949467 0.20364627 0.32362235 0.15454221 0.3292052 0.17865124 -1.0410911 0.02618404 0.32224834 0.2978137 0.03728869 -0.109391704 0.38345537 0.38884684 0.34185082 -0.0049122074 0.038992003 0.10822016 0.2500554 0.4298186 0.15429285 -0.09879541 -0.023432437 0.25683385 0.39444926 0.096639134 0.11476405 -0.8931924 0.10133628 0.11206914 0.15467578 0.11967931 -0.09520698 -0.7411966 0.29451573 -1.0810026 0.2959713 0.23966008 -0.93671685 0.34565726 0.08866802 0.1415 0.05435794 0.27459177
-0.79253525 0.064084515 0.132817 0.29567057 -0.096030846 -1.1519988 -1.0856025 0.080553316 0.59269124 0.3472367 0.21143895 -0.7695993 -0.10035209 -1.1679891 0.43066517 0.15242933 -0.29401112 0.14696126 0.28090334 -0.6751615 -0.9667157 -0.036615632 0.039531246 0.22778162 -0.0121559575 0.29325274 -1.4150399 -0.08719105 -0.053630922 0.43732405 0.16871725 -0.14543024 0.113797255 0.3121176 0.07541089 0.3637192 0.2217356 0.50301504 0.33796555 0.40566188 0.3515929 0.13209268 0.34018672 0.37517506 0.278965 0.21593197 0.35191748 -0.8115851 0.18500939 0.4237316 -0.029343575 0.056973282 0.092180856 -1.1559278 0.07219048 -1.0349872 0.36685142 0.14871518 -1.0839581 0.11856857 0.27683663 0.34437093 0.25707182 0.16379067
-0.07008024 -0.05228163 -0.056434397 -0.1417765 -0.17713678 -0.021377891 0.25671732 0.19612104 0.012129605 0.121645 0.062028356 -0.14275832 0.07146442 0.11421773 -0.04134966 0.14907235 0.07970308 -0.11865552 0.053678364 0.10008419 0.19984098 -0.17706898 -0.24464197 -0.09794608 -0.0043241526 -0.20574303 -0.06281201 -0.18287584 -0.21338518 0.046317585 0.105106324 0.035889518 0.15429938 -0.080362655 0.037026417 0.16735795 0.19256076 0.06058567 -0.21954954 0.042565875 0.18015343 0.061245188 -0.25205114 -0.08852314 -0.1513003 -0.24585034 -0.20139231 0.14527623 -0.17186971 -0.15364969 -0.10879624 -0.019175336 0.15201694 -0.24629608 -0.14002694 -0.04373341 0.071090154 -0.15915139 -0.06796977 -0.16093114 -0.08607328 0.10687369 -0.11411008 -0.033612408
-0.25568062 0.3013933 0.106706925 0.25743398 -0.2430367 -0.34662324 -0.29827407 0.010056036 0.27229723 0.05248307 -0.10285828 -0.44794044 -0.2302829 -0.2975585 0.34817958 0.22414902 -0.26962605 0.13488689 0.31598264 -0.5598886 -0.44185743 0.059799798 0.47623745 0.11337604 0.29342023 0.2380708 -0.52478856 0.12034333 0.33107305 0.32746595 0.2578925 0.06953996 0.2655059 0.15501013 -0.0032375187 0.1943162 0.3333884 0.4763001 0.2860621 0.25464392 0.2289049 0.4305961 0.5691878 0.48717287 0.27460226 0.095907636 0.06892739 -0.88776773 0.07663007 0.33608007 0.19092943 -0.0075315484 -0.06495332 -0.30279264 0.3678269 -0.3957186 0.32083577 0.16703084 -0.5902495 0.44533423 0.46125373 0.26001298 0.38271958 0.31022435
-0.17702395 0.04838524 -0.18723468 0.44356278 -0.1008087 0.33042976 -0.10140536 0.51364493 0.00914806 -0.053427175 -0.049070027 0.1038758 0.031001333 0.14255036 0.25350076 -0.16024491 0.16916671 0.39634666 0.07512952 0.49473506 0.25399792 0.33901045 -0.0630674 0.48773843 0.017113248 0.19994868 0.36102408 0.009576748 0.49256805 0.09788065 -0.29611224 0.44885212
0.41906738 0.45378467 -0.12505782 0.2491065 0.07245005 0.49721178 0.1699538 0.14538266 -0.094802715 -0.0455346 0.07982415 -0.23224846 0.1460865 -0.23834343 0.24400589 -0.047561508 0.1199352 0.14067575 0.07307017 0.05836865 0.29513818 0.23492292 -0.14856188 0.3267182 0.59078026 0.14089431 0.27496287 0.57430214 0.37448078 0.060850352 0.16508678 0.44649717
0.11231883 0.050736934 0.23695788 0.17717859 0.2627919 -0.03560653 -0.08200829 0.34527808 0.3775594 0.17377572 0.1799698 0.24010836 -0.0066535263 -0.10225977 0.45057282 -0.05601809 0.2643167 0.25212276 -0.08504201 0.3515288 0.091883406 0.29062855 -0.20204665 0.22763692 0.50150704 0.0027318923 0.38660672 -0.31313634 0.28579053 0.2877139 0.00789519 0.27707216
0.2178543 0.29562312 -0.12689373 -0.05224018 0.16900519 0.19689356 -0.44094354 0.20640635 -0.03142096 -0.51366603 -0.019161146 -0.26460642 0.2853255 -0.09156655 0.1908482 0.06916869 0.2322513 0.31267893 0.23571439 0.26198128 0.20718646 0.47151312 0.10171197 0.27106827 0.50212157 -0.03347556 0.11516406 -0.28655267 -0.035401165 0.38436094 0.03038119 0.41751626
0.33098295 0.44881287 0.09481354 0.4217613 0.17721896 0.23999766 0.07782966 0.022139259 0.44836125 0.36252767 0.19923471 -0.22225702 -0.043932393 -0.022919163 0.25300437 0.14924565 0.46508878 0.37185812 0.15007325 0.10935121 0.40287238 0.16556548 0.06333369 0.15756805 0.47649905 0.40080622 0.2823058 0.15017436 0.13595559 0.25110066 -0.22487284 -0.061177347
0.25958884 0.2961403 -0.062097322 0.36197665 0.2771117 0.37470308 -0.15946068 0.0335735 0.19076185 0.09608688 -0.27007574 -0.21100943 0.35089126 0.32551965 0.12391563 0.270765 0.23744954 0.25458848 0.11512203 0.47409716 0.0641717 0.25065863 0.011206859 0.21842839 0.09479212 -0.020093845 0.3457663 -0.15273775 -0.02417879 0.4742889 -0.14517365 0.12411731
-0.069487885 0.13089445 0.08557129 0.3813798 0.36305654 0.484483 -0.2516801 0.4920068 0.32210657 -0.14777131 0.31156743 -0.026913447 0.46547976 0.002670556 0.008816724 0.21520913 -0.11408351 0.42874688 0.15247487 0.22806177 0.081023656 0.2597405 -0.03256198 0.4719233 0.48575515 0.04553997 0.16311646 -0.06365134 0.023164893 0.42031002 -0.072539076 -0.091898106
0.09276065 0.09383839 -0.05842895 0.40032992 0.28781116 0.11097812 -0.20736152 0.43783373 0.37552896 -0.118833095 0.0016721681 -0.19972745 0.4043258 -0.30217 0.09699754 0.13938376 0.54275566 0.39250767 0.24367602 0.119494654 0.5147659 0.058989633 0.23192473 0.09181817 0.043749917 0.10818365 0.31492755 0.11158954 0.18380746 0.29652637 -0.030219544 0.03685196
0.44099185 -0.002093217 0.3352019 0.26009056 0.0149461245 0.30782884 -0.033284254 -0.06851509 0.31596217 -0.049956042 0.11805568 -0.29100662 0.19887152 -0.29065278 0.35947067 0.32090423 0.34106717 0.22244006 0.3470649 0.43668148 0.3034635 0.29830143 0.09599631 0.21255365 0.39529788 0.13594057 0.056189876 0.48410726 0.3150454 -0.0918017 -0.23736204 0.060024887
0.27558014 0.58796 0.38224936 0.38673365 0.16021805 0.16992366 -0.3502319 0.23928222 0.18636763 0.12903734 0.3748125 0.21095371 0.300986 -0.20764469 0.24829945 -0.23964368 0.18624027 0.36489162 0.5128563 -0.033652958 0.15756083 0.09841723 0.23255104 0.5494238 0.047804013 -0.18167627 0.23949651 0.09134111 -0.07415818 0.067208275 0.23733196 0.30069372
0.038447235 0.18056007 0.4567631 -0.093418375 0.30944005 0.23095202 -0.6162342 0.5152414 0.042844594 0.31062862 0.1563385 0.08966299 0.12715472 -0.25966495 0.4132092 -0.095442355 0.3106597 0.50970453 0.0920673 0.25647542 0.30378288 0.111465365 0.1575845 -0.001936164 0.45638663 -0.2653033 0.17890652 -0.034782752 0.23342909 0.416616 0.06945182 0.061445422
0.47065923 0.39726123 0.024422321 0.06610519 -0.07099889 0.27076882 0.45174843 0.34040618 0.29113656 0.10861846 0.38420728 0.18222123 0.056725226 -0.1906113 0.1271993 -0.24814981 0.45626214 -0.011589998 0.4589112 -0.115354344 0.37327227 0.034474686 -0.24263813 0.29636645 0.4866139 0.3990718 0.20345218 -0.097640514 0.37994158 0.44483945 -0.082191676 0.47452095
0.32094058 0.19617586 0.013374112 0.4496433 0.20793119 0.11217425 -0.09308273 0.0076442184 0.47587126 0.38989526 -0.45009562 0.21433292 0.104069866 -0.22917813 0.26304 -0.021654641 0.31453636 0.509707 0.12814602 0.3934267 0.102191016 0.09501331 0.12584117 0.14608054 0.31162325 0.55066013 -0.06965863 0.0021019992 0.49259123 0.16989242 0.30876616 0.38946837
0.09329923 0.076649986 0.2712821 0.18654291 0.16824006 0.19501032 0.026128238 0.4909144 0.08588875 0.06342179 -0.18488744 -0.19098175 0.2679758 -0.2986903 0.34239817 -0.16544342 0.18376325 0.13346665 0.1387792 0.40266776 0.09141955 0.31839597 0.21933322 0.36514822 0.42222074 -0.07722278 0.025625475 0.42396736 0.4928043 -0.07816895 -0.07286522 0.42608353
0.08162061 0.046706166 0.44451678 0.12603943 0.28526586 0.32686964 -0.14973314 -0.09445437 0.15230489 -0.35767794 -0.086786516 -0.25377887 0.27907586 -0.21498685 0.4218309 0.2945702 0.3078514 0.3378332 0.214618 0.37655985 0.4235047 0.24650733 0.1167453 0.36278158 0.34401095 0.23747939 0.21291327 0.03447192 -0.073613204 0.2605047 -0.24582982 -0.16738184
0.39023006 0.35605848 0.0045133773 0.27333766 0.20017995 0.41657266 -0.22195643 0.30011794 -0.12206943 0.29138166 0.017526157 -0.22672094 0.2550082 -0.14537501 0.38083893 -0.07090982 0.2548662 0.3884865 0.113778666 0.38873565 -0.12344144 0.26742247 0.09476872 0.33474573 0.45792386 -0.3230246 0.15633263 -0.24595667 0.23043157 0.09563089 -0.14234509 -0.09906842
0.20712146 0.5603383 -0.16048348 0.35279235 0.40266526 -0.034255393 0.059870835 0.2575581 0.37118334 0.78560716 0.15993002 -0.113010064 -0.103015706 0.21724463 0.24168836 0.15775529 0.26469737 0.20417836 0.48389262 0.081178516 0.2597997 0.31532314 -0.13759445 0.3092948 0.3833184 -0.35647458 0.3240972 -0.031614423 0.27081597 -0.022931835 -0.15506586 0.27511013
0.22518566 0.13122784 0.31877425 0.09084546 -0.013549196 0.5492421 -0.17489758 0.19131766 0.08557343 0.23123473 -0.24919617 -0.24814564 0.4457145 0.24885902 0.40836573 -0.00013568706 -0.031448703 0.21180604 0.47939208 0.057199597 -0.054076668 0.2869666 0.07228371 0.1577522 0.1905851 0.041013505 0.21586648 0.38527426 0.48438352 0.29718125 0.007731638 0.5147753
0.2693415 0.2832264 -0.010343581 0.5274787 -0.09157277 0.08982715 0.37951323 0.25702468 0.14651495 0.076801874 0.112883165 -0.06699842 -0.024537679 -0.19106847 0.09529361 -0.2584218 0.37435716 0.21205704 -0.057479948 0.37960163 0.46767113 0.2961254 -0.15013304 0.12963147 0.3524877 0.55695236 0.2495424 0.4240025 0.18712874 0.35168594 0.26600748 0.52991796
0.50184685 -0.050799157 0.20753793 0.29340464 0.22858365 0.1774952 -0.016036494 0.26962003 0.4712713 0.18437926 0.62355447 0.2105552 0.16934736 -0.103397086 0.49697945 -0.14529799 0.4746716 0.13292345 0.33231473 0.2226757 0.21904902 0.4160498 -0.10742331 -0.09007081 0.18813197 0.14434566 -0.041453846 0.29506016 0.27744213 0.096185125 0.31277624 0.21767436
0.38929534 0.13720064 0.35405338 0.6105572 0.09607156 -0.05307656 0.100347914 -0.016307289 0.16242488 -0.017140709 0.4537806 -0.285078 0.11662701 0.08961889 0.3829239 0.3067231 -0.026621208 0.47215274 0.3716934 0.313604 0.1592651 0.4173492 -0.121900365 0.13584587 0.16869101 0.659521 0.009915622 0.2558638 0.14732644 0.30118966 0.16786827 0.39052862
-0.10452407 0.3198493 0.29284996 0.41255507 0.33325115 0.4255508 -0.16319063 0.43821648 0.06440239 0.07824827 0.12937136 -0.27737302 0.40686497 -0.29208708 0.35307196 -0.11650668 0.30850023 0.2489746 0.06961318 -0.04018223 0.26851606 0.316999 -0.3143336 0.0973486 0.14369564 0.35860634 0.037743352 -0.12619022 0.2586147 0.31735086 0.18961713 0.41949695
0.4092164 0.07925632 0.506237 0.14153506 0.5211144 0.000616519 -0.17098992 0.09463868 0.30335158 -0.17836584 0.19024852 -0.031647466 0.08432522 -0.22274445 0.22975165 -0.13429962 0.18446404 0.12330212 0.5307416 0.5857439 0.072137274 0.53497136 -0.024863856 0.19880684 -0.06885027 -0.18570825 0.10887578 -0.040451992 0.07431779 0.23034428 -0.1579402 0.022130989
0.40534058 0.06884937 -0.039045025 0.084200434 0.38491002 0.19840273 0.002608739 -0.04853079 0.24808764 0.051467948 -0.24644321 -0.07397684 -0.052280877 -0.023426635 0.25736955 -0.1278478 0.34896278 0.23088802 -0.12938446 0.38234842 0.051532242 0.18696389 0.0478575 0.3670798 0.32684138 0.6277438 0.1620607 0.2530994 0.4149126 0.43406126 -0.057018563 0.4033075
0.32061496 0.35657966 0.06403331 0.029742314 0.3566088 0.07412868 0.3098121 0.03147067 0.20489651 -0.16928579 0.028762076 -0.021700531 0.019146277 0.2595999 0.3440839 0.25215533 0.27359435 0.15202038 -0.076010115 0.24100196 0.16648565 0.29668194 -0.22222069 0.5049893 0.18458454 0.67485416 0.40141398 0.08468983 0.2543672 0.24517424 -0.15221004 0.36820668
0.22282554 0.5037744 0.23781234 0.45192498 0.38764817 0.33250457 -0.17853025 0.35402608 0.19062188 0.5707984 0.08865487 -0.20126005 0.36222252 0.11002116 0.3537521 -0.25277054 0.0726618 -0.0076764547 -0.0011525017 0.3565023 0.20533067 0.12221029 0.01968134 0.12470472 0.23535873 0.2934396 0.24667454 0.56799054 0.46960363 0.40604034 -0.103908084 -0.06035153
0.44557148 0.29518935 0.309003 0.59639144 0.27117395 -0.062378645 0.062587105 0.11861732 0.09915599 0.0504252 -0.10129186 0.032795895 0.19989057 0.1319432 0.1496018 0.2777605 0.07172477 0.13824673 0.099276066 0.06262979 0.08896309 0.11704881 -0.17665361 0.52072984 0.19675438 0.49108192 0.47313175 -0.10654636 0.39688787 -0.015788276 -0.027684147 0.4992715
biases
0.27342373 0.060535952 0.20634407 0.20599584 0.04512803 0.27668044 0.23369586 0.24837919 -0.23479164 -0.081386134 -0.0022105617 0.2071285 0.24469042 0.12561566 0.18089935 0.17511903 0.21673444 0.18046334 -0.17914502 0.20872425 -0.093304 0.20640765 -0.054694857 0.11743905 -0.17709719 0.18821242 0.20550352 -0.013330091 -0.041272942 0.18833438 0.21794893 0.23220628 0.14845677 0.17152491 0.24814467 -0.18933414 0.2555441 0.1526851 0.11193172 0.22088711 0.22424321 0.23268728 0.27778667 0.20072876 -0.084471144 0.16750976 0.20020811 -0.051858645 0.21205245 0.21639417 0.18405366 0.12461911 0.20472345 0.15087146 0.036742624 0.28693432 0.22267123 0.18889117 0.26376525 0.2049414 0.22891802 0.19078608 0.25647196 0.2126178 0.23095812 -0.1293169 0.16337232 0.20827982 0.20948781 -0.04783164 0.22459175 0.0076425658 0.16612872 0.2577343 0.1932486 0.23679355 0.22081448 0.21285978 0.20665145 0.21003455 0.2456462 0.03212647 0.17483602 0.04772094 0.22377303 0.23559116 0.26780006 0.24496414 0.2501818 0.18228227 -0.14653417 -0.07937462 0.00067288685 0.22878562 0.25511786 0.26328212 0.2482223 0.15210983 0.25164983 -0.24244656 0.18497154 0.17357711 -0.10262498 0.22270675 0.15477462 0.1361145 0.14020622 0.20393169 0.19602233 0.23448063 0.23922205 0.22542971 0.19296555 -0.0875717 0.057325784 0.19764055 0.031065052 0.23539336 0.08074673 0.18101896 0.14777005 0.13975547 0.16712247 -0.25921735 -0.0049231155 0.21664636 0.23710969 0.15384862
-0.02240082 0.19643052 0.20028304 0.20028321 -0.011470562 -0.13179404 -0.058117267 0.20488739 0.11699902 0.14474672 -0.014318252 0.06739552 -0.0821356 -0.2013811 0.21309483 0.0066849 -0.06802329 0.17610145 0.18291563 0.052650545 -0.04919843 0.13799137 0.1832473 0.23133503 0.21411517 0.1384215 -0.08297037 -0.013446475 0.16742311 0.1592004 0.20295778 0.0018241928 0.20092042 0.20443924 0.15606484 0.18597893 0.15928699 0.18340755 0.20687807 0.22566566 0.20394608 0.21352461 0.13110907 0.23083113 0.17211638 0.20802428 0.096768335 0.028241266 0.19910634 0.178937 0.008410237 0.16427425 0.0014162837 -0.04204664 0.231454 -0.027958788 0.16231877 0.20003837 -0.059532274 0.15446144 0.2190815 0.20850454 0.19444114 0.1229464
0.2251863 0.10632051 0.07855917 0.10299069 0.18373479 0.22434852 -0.068737395 0.103136554 0.00046402248 0.10958199 0.1390261 -0.0096154455 0.12547784 -0.021536807 0.13451181 -0.028520096 0.19763438 0.15061861 0.03518134 0.21646732 0.0974329 0.21456322 -0.008343632 0.23822564 0.17998052 0.066446766 0.149016 0.003971245 0.13378847 0.1772272 -0.008004257 0.18351029
-0.010275523 0.12243156 -0.004137492 -0.083036125 0.05713578 0.1342989 0.15416428 -0.10458612 0.13293964 0.20901641 0.16946504 0.19654876 0.04962262 0.12568966 0.009781649 0.15730754 0.1280086 0.13781986 0.26349893 0.15845652 0.027236262 0.17704956 0.1275437 0.19324762 0.27826148 0.19066943 0.016395979
